id,manufacturer,vehicle_make,vehicle_model,vehicle_year,crash,fail_date,fire,injured,deaths,component_description,state,received_date,miles,narrative,source_type,drive_train,fuel_type,transmission,speed,product_type
1,"Chrysler (FCA US, LLC)",JEEP,WRANGLER 4-DR 4X4,2007,N,20090127,N,0,0,"FUEL SYSTEM, GASOLINE",MA,20090127,50000,"TWO MAIN PROBLEMS -     THE GAS TANK WAS REPLACE ON MY 2008 JEEP WRANGLER DUE TO OVER FLOW PROBLEMS, AFTER READING A FEW DISCUSSION BOARDS I NOTICED THIS IS A HUGE PROBLEM.  WHEN FILLING THE GAS TANK THE AUTO SHUT OFF WOULD SIGNIFY THAT THE TANK WAS FULL, UPON PULLING THE NOZZLE ABOUT A PINT OF GAS WOULD BLOW BACK AT YOU.  MY LOCAL DEALERSHIP DID REPLACE THE TANK, BUT I THINK THIS IS A MAJOR DANGER AND SHOULD BE LOOKED INTO.    MY SECOND PROBLEM IS THAT THE JEEP WILL STALL FOR NO REASON.  THIS HAS HAPPENED THREE TIMES.  THE ENTIRE ELECTRICAL SYSTEM SHORTS OUT FOR A BRIEF MOMENT.  NO POWER BRAKES, NO LIGHTS, NO RADIO.  AGAIN DISCUSSION BOARDS HAVE BEEN DISCUSSING THIS ISSUE WITH THE JEEPS.    IN BOTH ABOVE CASES JEEP TURNED A BLIND EYE, MY LOCAL DEALERSHIP REPLACED THE TANK AT THEIR OWN EXPENSE AFTER JEEP DISMISSED THE CLAIM.    PLEASE LOOK INTO THESE DANGEROUS SITUATIONS, BEFORE SOMEBODY IS MAIMED OR KILLED. *TR",IVOQ,,,,0,V
2,Toyota Motor Corporation,TOYOTA,SEQUOIA HYBRID,2026,N,20251209,N,2,0,UNKNOWN OR OTHER,UT,20251211,,"The forward sunroof in my brand new Sequoia exploded, sounding like a gunshot. It showered me, my [XXX]  and [XXX]  in glass.  This was caused from a DEFECT and not an impact or outside source.   Our safety was incredibly risked by this explosion. I could have swerved and crashed with the loud bang of the explosion and this put others at risk as well.   There are multiple class action lawsuits with exploding sunroofs. This is not uncommon and something needs to be done about this.  INFORMATION REDACTED PURSUANT TO THE FREEDOM OF INFORMATION ACT (FOIA), 5 U.S.C. 552(B)(6)",IVOQ,,,,70,V
3,"Chrysler (FCA US, LLC)",JEEP,WRANGLER,2012,N,20140207,N,0,0,VISIBILITY,LA,20140306,,"2012 JEEP WRANGLER SPORT.  CONSUMER WRITES IN REGARDS TO  TRANSMISSION OIL COOLER TUBE RECALL NOTICE AND UNSATISFACTORY CUSTOMER SERVICE AT DEALERSHIP.  *SMD  THE CONSUMER STATED HE CALLED THE DEALER ON JANUARY 16, 2014 TO SCHEDULE AN APPOINTMENT FOR FEBRUARY 7, 2014, WITH A DROP OF TIME OF BETWEEN 7:00 AM AND 8:00 AM. THE DEALER INFORMED THE CONSUMER, THEY WOULD REPAIR THE RECALL ITEM, AND THEN IDENTIFY THE NEEDED PART FOR THE WINDSHIELD WIPER ELECTRONIC REPAIR. AFTER THE PART FOR THE WINDSHIELD WIPER WAS IDENTIFIED, THE CONSUMER WAS INFORMED AN APPOINTMENT WOULD HAVE TO BE MADE TO WORK ON THE WIPERS.  THE DEALER INFORMED THE CONSUMER, THEY WOULD HAVE TO KEEP HIS VEHICLE LONGER, TO PERFORM THE RECALL, DUE TO BEING UNDER STAFFED. *JB",LETR,,,,,V
4,Toyota Motor Corporation,TOYOTA,CAMRY,2019,N,20230729,N,0,0,BACK OVER PREVENTION: WARNINGS,NV,20230801,,"VEHICLE STALLS AT HIGHER SPEEDS ON THE FREEWAY This problem happened 1 time on 7/22/23, 1 time on 7/23/23, and 5 times between 7/29/23 and 7/31/23 when traveling between Las Vegas and Los Angeles.  Symptoms (this repeats every time) 1.High speed (freeway speeds) car stalls, loses power and begins slowing. This is very dangerous in heavy traffic and could have very easily caused an accident! 2.Pumping the gas pedal brings the engine power back within 3-10 seconds and the car picks up speed again. 3.The MIL check engine comes on and the instrument panel rotates through malfunction alerts from ICS, LDA, parking brake, secondary collision brake system, etc. and continues cycling through the alerts until the engine is turned off. 4.When restarting right away, the malfunction alerts and MIL remain. 5.After the car has been off for at least 30 minutes, sometimes the warnings and MIL reset.  The dealer gave an appointment to have the car checked 3 days in the future. This Camry was not on the recall lists for failing fuel pump even though it matches for manufacturing date.",IVOQ,,,,75,V
5,Ford Motor Company,FORD,EXPEDITION,1997,N,20110927,Y,0,0,UNKNOWN OR OTHER,NC,20110927,,THE VEHICLE WAS PARKED IN THE DRIVE WAY AND CAUGHT FIRE AT 2 IN THE MORNING.  *TT,IVOQ,4WD,GS,,0,V
6,"Chrysler (FCA US, LLC)",JEEP,LIBERTY,2002,N,20140701,N,0,0,ENGINE,MD,20140922,112000,"TL* THE CONTACT OWNS A 2002 JEEP LIBERTY. THE CONTACT STATED THAT THE CHECK ENGINE LIGHT REMAINED ILLUMINATED. THE OXYGEN SENSOR WAS REPLACED SEVERAL TIMES HOWEVER THE FAILURE WAS NOT CORRECTED. THE MANUFACTURER WAS NOT MADE AWARE OF THE FAILURE. THE VEHICLE WAS NOT REPAIRED.  THE APPROXIMATE FAILURE MILEAGE WAS 112,000.",EVOQ,,,,,V
7,"General Motors, LLC",CHEVROLET,SONIC,2012,N,20120521,N,0,0,FUEL/PROPULSION SYSTEM,TN,20121220,200,"VEHICLE STALLS WHEN PULLING OUT FROM A STOP, AND/OR AT LOW SPEEDS WHEN THE CLUTCH IS PUSHED IN.  THEN, IT TAKES THREE SECONDS BEFORE THE CAR CAN ATTEMPT TO BE RE-STARTED!  VERY DANGEROUS WHEN TURNING LEFT ACROSS A HIGHWAY OR INTO TRAFFIC, ESPECIALLY SINCE THERE IS WHAT SEEMS TO BE A 'PROGRAMMED' WAITING PERIOD OF 3 SECONDS BEFORE YOU CAN ATTEMPT TO RE-STARTED.  I'VE OWNED THIS VEHICLE (1.4L TURBO ENGINE WITH 6 SPD MANUAL TRANSMISSION) SINCE 05/21/2012, AND OVER 8,000 MILES LATER, IT STILL STALLS EVERY TIME I DRIVE IT.  THE DEALERSHIPS SAY, ""CANNOT REPRODUCE. OPERATING TO SPECIFICATIONS.""  *TR",IVOQ,,,,5,V
8,Hyundai Motor America,HYUNDAI,SONATA,2011,N,20100609,N,0,0,STEERING,GA,20100927,450,"WE RENTED A NEW 2011 HYUNDAI SONATA IN JUNE THROUGH BUDGET IN MILWAUKEE WISCONSIN.  WE DROVE IT APPROXIMATELY 150 MILES, PULLED INTO OUR HOTEL TO REGISTER, AND WHEN WE WENT TO MOVE INTO THE PARKING LOT SOMETHING POPPED AND THE STEERING COLUMN COMPLETELY DISENGAGED FROM THE CONTROL ARM (I THINK),  THE STEERING WHEEL SIMPLY SPUN UNDER OUR HANDS.  BUDGET REPLACED THE CAR FOR US BUT THE HYUNDAI CLAIM THAT ALL CARS MADE IT BACK TO THE DEALER BEFORE PROBLEMS GOT SERIOUS IS SIMPLY NOT TRUE. *TR",IVOQ,,,,5,V
9,"General Motors, LLC",CHEVROLET,TRAVERSE,2012,N,20170216,N,0,0,UNKNOWN OR OTHER,FL,20170216,59102,"I PURCHASED A 2012 TRAVERSE IT HAS  KNOWN ISSUES AND THE DEALER AND THE COMPANY'S HEADQUARTERS STATED THEY ARE KNOWN ISSUES BUT THERE ARE NOT ANY RECALLS AND WOULD NOT REPLACE OR GIVE ANY DISCOUNT IN FIXING THE DEFECTS. THE TRAVERSE DRIVER'S SEAT BRACKET AND SIDE SEAT COVER HAVE BEEN REPLACED THREE TIMES, THE AIR CONDITION WIRING HARNESS IS LOCATED IN A PLACE THE RUBS AGAINST THE CHASSIS AND THE FRAME THAT CAUSE A HOLE TO RUB IN THE LINE. THE FRONT WILL NOT REMAIN IN ALIGNMENT. VEHICLES ARE VERY NOISY, WE HAVE TO TALK LOUD OR TURN THE RADIO UP TO HEAR. I HAVE TALKED TO THE HEADQUARTERS ALL THE WAY DOWN TO THE LOCAL DEALERS WITH NO RESOLUTION OR HELP. PLEASE HELP.",IVOQ,,,,,V
10,"Chrysler (FCA US, LLC)",DODGE,JOURNEY,2012,N,20230220,N,0,0,SERVICE BRAKES,NC,20230220,,"As I was braking to enter the on-ramp of Hwy 1923 from Asheville, I noticed for the second time, my brakes were not slowing me down as usual, instead, they acted as if they were slowly grabbing.  As I speed up to the correct speed limit, It seemed as though my brakes started to grab again without me depressing the brake pedal. The vehicle made a throbbing, and vibrating sound. All this after just having taken the vehicle to my mechanic for the same problem two days prior. The back brakes were replaced, the front brakes looked fine, and everything was checked out. Two days later brakes started acting up again, not working normally and acting as if thay are grabbing and vibrating the vehicle! No warning lights were shown. Next step is the Dodge Dealer. Another very aggravating glitch that the Dodge Dealer said that didn see, is the fact that every time I park the vehicle, I have to turn the sterring wheel a certain way before the battery will shut off, if not the battery will be drained!",IVOQ,,,,60,V
11,"Chrysler (FCA US, LLC)",DODGE,DAKOTA,2000,N,20041030,N,0,0,SUSPENSION:FRONT:CONTROL ARM:UPPER BALL JOINT,VA,20041112,55300,"NOTICED VERY LOUD SQUEAKING IN FRONT END OF 2000 DODGE DAKOTA.  TOOK IN FOR DEALER TO  SERVICE(46,000 MILES).  MENTIONED BALL JOINTS.  THEY REPLACED SWAY BAR BUSHINGS.  FOUR MONTHS LATER SQUEAKING WAS BACK(51,000 MILES).  RETURNED TO DEALER QUESTIONING BALL JOINTS AGAIN.  THEY LUBRICATED THE SWAY BAR BUSHINGS.  FIVE MONTHS LATER VEHICLE IN FOR STATE INSPECTION AND DRIVERS SIDE UPPER BALL JOINT FAILED, PASSENGER SIDE UPPER BALL JOINT ALMOST OUT OF TOLERANCE (55,000 MILES).  HAD BOTH REPLACED WITH OEM FROM DODGE.  SENT EMAIL TO SERVICE MANAGER QUESTIONING COVERAGE BY DODGE AND RECEIVED NO RESPONSE.  *JB",IVOQ,4WD,GS,AUTO,0,V
12,UNKNOWN MANUFACTURER,UNKNOWN,UNKNOWN,9999,N,20090801,N,0,0,CHILD SEAT,GA,20090818,,"I OWN A BRITAX BOULEVARD CONVERTIBLE CAR SEAT.  MY CHILD WHO IS 2 CAN REACH THE LEVER TO LOOSEN THE SHOULDER STRAPS.  HE PULLS ON IT WHILE MOVING BACK AND FORTH IN THE SEAT.  HE DOES THIS WHILE I AM DRIVING AND IF THERE IS A CRASH HE COULD GET THROWN FROM THE SEAT CAUSING INJURY OR EVEN DEATH.  I HAVE READ OTHER PEOPLE COMPLAIN ABOUT THIS ONLINE.  THIS IS VERY DANGEROUS AND THE CHILD SHOULD NOT BE ABLE TO REACH THE LEVER.  I WOULD CALL IT A DEFECT IN THE PRODUCT.  THIS IS A VERY EXPENSIVE CAR SEAT AND I WOULD EXPECT IT TO BE SAFE.  I READ A COMPLAINT FROM LAST YEAR AND NOTHING HAS BEEN DONE TO CORRECT THIS PROBLEM FROM THE COMPANY.  IF I HAVE PROBLEMS WITH THIS SEAT THEN MORE PARENTS DO, TOO.  IT SCARES ME TO PUT HIM IN IT. I HAVE MADE SURE HE IS PROPERLY POSITIONED IN THE SEAT WITH THE STRAPS TIGHT BUT HE CAN STILL REACH THE LEVER. *TR",IVOQ,,,,,V
13,Hyundai Motor America,HYUNDAI,TIBURON,2003,N,20021024,N,0,0,"FUEL SYSTEM, GASOLINE:FUEL INJECTION SYSTEM",WI,20021026,,CAR WAS PICKED UP BY MCDEVITS TOWING AND TAKEN TO ARROW HYUNDAI. DEALER REPAIRED FUEL REGULATOR AND CLAIMS THIS WAS THE SOURCE OF THE PROBLEM.  DT,IVOQ,FWD,GS,,0,V
14,"Evenflo Company, Inc.",EVENFLO,CHILD SAFETY SEAT,9999,N,,N,0,0,CHILD SEAT:HANDLE (INFANT),MA,20001025,,"EVENFLO MODEL # 4841032P1, DOM 10-29-1999; CONSUMER PICKED UP CSS BY  HANDLE, AND HANDLE POPPED  OUT OF POSITION, CAUSING SEAT TO ROTATE/ FLIP AROUND WHICH COULD HAVE CAUSED INFANT TO FALL  ON ITS FACE IF INFANT WAS  NOT RESTRAINED. *AK",EVOQ,,,,,C
15,Toyota Motor Corporation,TOYOTA,4RUNNER,2011,Y,20180710,N,0,0,AIR BAGS,FL,20180710,70000,"TL* THE CONTACT OWNS A 2011 TOYOTA 4RUNNER. WHILE DRIVING APPROXIMATELY 20 MPH, THE CONTACT REAR ENDED ANOTHER VEHICLE AND THE AIR BAGS FAILED TO DEPLOY. THE CONTACT SUSTAINED NO INJURIES. A POLICE REPORT WAS FILED. THE CONTACT STATED THAT THE VEHICLE WAS STILL DRIVABLE. THE VEHICLE WAS NOT TAKEN TO A DEALER OR AN INDEPENDENT MECHANIC FOR DIAGNOSTIC TESTING. THE CONTACT STATED THAT THE VEHICLE WAS PREVIOUSLY SERVICED PER AN UNKNOWN RECALL AT TOYOTA OF NORTH MIAMI (16600 NW 2ND AVE, MIAMI, FL 33169, (305) 974-1103). THE MANUFACTURER WAS NOT NOTIFIED OF THE FAILURE. THE APPROXIMATE FAILURE MILEAGE WAS 70,000.",EVOQ,,,,20,V
16,"Volvo Car USA, LLC",VOLVO,XC40,2019,N,20231114,N,0,0,SEAT BELTS,AL,20240506,,Air bag not functioning related to seatbelt failure. Will not tighten on sudden stops.,IVOQ,,,,50,V
17,"General Motors, LLC",BUICK,LUCERNE,2006,N,20060415,N,0,0,ELECTRICAL SYSTEM,AL,20100616,25,MY 2006 BUICK LUCERNE DASH INSTRUMENTS ARE ALSO UNREADABLE DURING SUNNY DAYS. I HAD A REPAIR KIT INSTALLED SEVERAL YEARS AGO BUT IT DID NOT FIX THIS PROBLEM. NO MORE BUICKS FOR ME. *TR,IVOQ,,,,0,V
18,Ford Motor Company,FORD,EXPLORER,2012,N,20200102,N,0,0,ENGINE,WV,20200123,132000,"I HAVE COOLANT LEAKING, I TOOK IT TO A SHOP TO BE DIAGNOSED AND WAS TOLD THAT IT WOULD COST OVER $2,000 SINCE THE WATER PUMP IS IN THE FRONT OF THE ENGINE, THERE IS ONLY 132,000 MILES ON MY CAR AND I SHOULDN'T BE HAVING THIS ISSUE!!",IVOQ,,,,0,V
19,"Winnebago Industries, Inc.",ITASCA,SUNSTAR,2012,N,20151024,N,0,0,UNKNOWN OR OTHER,WI,20151111,,"I AM REPORTING THE MICHELIN XRV TIRES INSTALLED FROM THE MANUFACTURER HAS BEGUN TO CRACK. AFTER AN INSPECTION AT A AUTHORIZED MICHELIN DEALER, IT WAS DETERMINED I HAD, AT A MINIMUM, 3 TIRES SUFFERING FROM SEVERE CRACKING AND WOULD BE CONSIDERED UNSAFE FOR THE ROAD.",IVOQ,,,,,V
20,Toyota Motor Corporation,LEXUS,ES300,1996,N,20140203,N,0,0,STEERING,AZ,20140312,126558,WAS DRIVING HOME FROM SHOPPING AND WENT TO TURN LEFT AND ALL OF A SUDDEN THE CAR DID NOT RESPOND SMOOTHLY AND I ALMOST LOST CONTROL. TOOK IT TO THE MECHANIC AND HAD A LOWER CONTROL ARM PUT IN BECAUSE OF A BAD BUSHING BUT WAS TOLD THE RACK AND PINION IS ALSO BAD. THERE IS A LOT OF PLAY IN THE STEERING NOW.  *TR,IVOQ,,GS,,40,V
21,"Chrysler (FCA US, LLC)",RAM,1500,2013,N,20200619,N,0,0,ELECTRICAL SYSTEM,MI,20200619,70000,THE COMPUTER SCREEN WILL NOT LIGHT SO YOU CANT USE ANY OF YOUR CONTROLS HAD TO REPLACE BRAKES SHOCKS AND STRUTS AND CALIPERS SUN ROOF WONT OPEN BACK WINDOW WONT OPEN THE ENGINE LIGHT IS ON SAYING LOW OIL PRESSURE BUT THE GAGE ON THE TRUCK SHOWS IT RIGHT IN THE MIDDLE CANT USE THE RADIO OR THE PHONE OR CONTROL THE AIR OR THE HEAT BECAUSE THAT'S ALL ON THE SCREEN THAT WONT LIGHT UP THE BACK UP CAMERA WONT WORK I CHECKED FOR RECALLS ON THE VIN NUMBER IT SAID THERE WAS NONE THE EXHAUST MANIFOLD TICKS SUPER LOUD WHEN YOU FIRST START IT THEN THE NOISE GOES AWAY AFTER THE TRUCK WARMS UP I HAVE PUT NEW TIRES ON IT TWICE I HAVE THE OIL CHANGED EVERY TIME THAT ITS DUE WITH EXPENSIVE ROYAL PURPLE HAD TO PUT A NEW BATTERY IN IT THE TRUCK MIGHT LOOK NICE BUT I WOULD NEVER PURCHASE ANOTHER ONE !!!!!!!!!!! IT HAS BEEN THE WORST VEHICLE I HAVE EVER PURCHASED AND I AM VERY DISAPPOINTED WITH THE TRUCK AND THE EXPERIENCE !!!!!!!!!0  *TR,IVOQ,RWD,GS,,0,V
22,"General Motors, LLC",CHEVROLET,TRAILBLAZER,2006,N,20140711,Y,0,0,ELECTRICAL SYSTEM,NC,20140808,120989,I WAS AT WORK AND I CAN BACK TO GET SOMETHING FROM MY TRUCK AND THE DRIVER DOOR WAS ON FIRE.  *TR,IVOQ,,,,0,V
23,Ford Motor Company,FORD,FOCUS,2014,N,20190802,N,0,0,UNKNOWN OR OTHER,PA,20190802,25000,"WHILE DRIVING IN MOTION, I RAMDONLY GET AN ALERT THAT THERE IS AN ENGINE MALFUNCTION, WHICH THEN CAUSES MY CAR TO HAVE VERY LITTLE POWER WHEN ACCELERATING.  IF I COME TO A STOP, THEN GIVE IT GAS, IT GOES EXTREMELY SLOW, CAUSING MY RPM'S TO SHOOT UP. MY TRANSMISSION IS HORRIBLE WHILE SHIFTING. ITS SPUTTERS, HESITATES, JUMPS, AND FEELS LIKE IT CANT MAKE UP ITS MIND ON WHAT GEAR TO GO IN. AND ITS ONLY GOTTEN WORSE.  THRE HAS BEEN 3 DIFFERENT OCCASIONS WHERE AFTER STOPPING FOR GAS, OR BEING AT WORK THAT I HAVE SHUT MY CAR OFF, AND WHEN I WENT TO START IT UP AGAIN, IT WOULDNT. IT WOULNDT EVEN TURN OVER. AFTER TRYING SEVERAL TIMES, IT WOULD FINALLY START.  WHATEVER IS CAUSING ALL OF THESE PROBLEMS, IS ALSO DRAINING MY BATTERY AS I HAD TO GET A NEW ONE AFTER JUST OVER 2 YEARS. A BATTERY IS SUPPOSED TO LAST 5 YEARS.  FORD SAID ONLY 3-5 AND THEREFORE WOULD NOT COVER IT SINCE I WAS SUPPOSEDLY COMING UP ON THE 3RD YEAR. WHICH I WAS NOT. I DO NOT FEEL SAFE IN THIS CAR. AND I NOW HAVE A NEWLY TURNED 16 Y/O DAUGHTER WHOS JUST IS ABOUT TO LEARN HOW TO DRIVE. AND I SHOULD NOT FEEL ITS UNSAFE FOR HER TO HAVE TO LEARN IN THIS VEHICLE I HAVE A FEW MORE YEARS TO PAY ON IT AND IT WOULDNT BENEFIT ME TO SELL OR TRADE IN AT THIS POINT. I HAVE ATTACHED  A PICTURE OF THE SECOND TIME I GOT THIS ENGINE ALERT. I CAN'T EXACTLY TAKE A PICTURE OF HOW MY CAR DRIVES OR HOW THE TRANSMISSION SHIFTS. IF I CAN SEND VIDEO'S, I'D BE HAPPY TO DO SO IF IT WOULD HELP.",IVOQ,,,,0,V
24,"General Motors, LLC",PONTIAC,GRAND PRIX,2002,N,20110915,Y,0,0,ENGINE AND ENGINE COOLING,MN,20111005,102000,"TL* THE CONTACT OWNS A 2002 PONTIAC GRAND PRIX. THE CONTACT STATED THAT THE VEHICLE WAS ENGULFED IN FLAMES. THE VEHICLE WAS TOWED TO A DEALER AND THEY ADVISED HIM THAT THE FAILURE WAS CAUSED BY AN OPEN RECALL ON THE VEHICLE UNDER NHTSA CAMPAIGN ID NUMBER: 08V118000 (ENGINE AND ENGINE COOLING).  THE MANUFACTURER WAS CONTACTED AND THEY OFFERED NO ASSISTANCE IN REPAIRING THE VEHICLE. THE FAILURE MILEAGE WAS APPROXIMATELY 102,000.",EVOQ,,,,0,V
25,Ford Motor Company,MERCURY,SABLE,2003,N,20060808,N,0,0,POWER TRAIN:AUTOMATIC TRANSMISSION,FL,20060814,37165,"WENT TO TAKE MY DAUGHTER TO SCHOOL ONE MORNING, NOTICED THAT THE CAR TOOK EXTRA LONG TO ENGAGE INTO REVERSE.  DROVE MY DAUGHTER TO SCHOOL, WENT TO WORK AND DECIDED THAT I BETTER CHECK THE TRANSMISSION FLUID.  UPON REMOVING THE DIP STICK, THE TRANSMISSION FLUID CAME BOILING OUT OF THE DIP STICK HOLE.  I IMMEDIATELY CALLED A TOW TRUCK AND HAD IT TAKEN TO AAMCO TRANSMISSION LOCATED AT 1705 W. KENNEDY BLVD., TAMPA, FL 33606, 813-251-1049.  UPON THEIR INSPECTION OF THE TRANSMISSION, THEY HAD DETERMINED THAT THE TORQUE CONVERTER HAD GONE BAD WHICH IN TURN CAUSED THE PUMP TO GO BAD.  SO THEREFORE, I HAD TO HAVE A COMPLETE OVERHAUL OF THE TRANSMISSION WHICH HAS NOW COST ME $2223.04 PLUS $88.11 FOR CAR RENTAL.  TOTAL AMOUNT WAS $2311.15.  I AM GOING TO MAKE A FORMAL DEMAND FOR PAYMENT FROM MERCURY AS THIS SHOULD NOT HAVE HAPPENED ON A CAR THAT ONLY HAS 37000 MILES ON IT.   *JB",IVOQ,FWD,GS,AUTO,0,V
26,"General Motors, LLC",CHEVROLET,SILVERADO,1999,N,20020423,N,0,0,"SERVICE BRAKES, HYDRAULIC:ANTILOCK/TRACTION CONTROL/ELECTRONIC LIMITED SLIP",FL,20020423,,"ELECTRONIC BRAKING CONTROL MODULE, WHICH IS PART OF THE ABS BRAKE SYSTEM, MALFUNCTIONED, RESULTING IN LACK OF ABS BRAKES.  ALSO CAUSED BATTERY TO DRAIN WITHIN 12 HOURS WITH VEHICLE TURNED OFF.*AK  CONSUMER DISCONNECTED FUSE FOR ABS BRAKES TO PREVENT BATTERY DRAIN, THE MOTOR CONTINUES TO RUN AFTER THE VEHICLE IS TURNED OFF.   *SLC",EVOQ,RWD,GS,AUTO,,V
27,"General Motors, LLC",CHEVROLET,TRAILBLAZER,2007,N,20160215,N,0,0,FUEL/PROPULSION SYSTEM,OH,20160510,91000,"WHEN I FILL THE FUEL TANK, THE FUEL GAUGE SHOWS EMPTY AND THE LOW FUEL LIGHT COMES ON AND THE LOW FUEL ALARM WILL DING. SOMETIMES THE GAUGE WILL GO UP AND THEN BACK DOWN. SOMETIMES, THE GAUGE WILL SHOW CORRECTLY BUT YOU ARE NEVER SURE. THIS OCCURS WHEN MOVING OR SITTING ON A SLOPE OR ON FLAT GROUND.",IVOQ,,,,,V
28,Ford Motor Company,LINCOLN,TOWN CAR,2002,N,20011019,N,0,0,"SERVICE BRAKES, HYDRAULIC:FOUNDATION COMPONENTS",NJ,20020709,,"ON TWO OCCASIONS WIHILE ATTEMPTING TO STOP THE BRAKES FAILED TO STOP THE VEHICLE, THE FIRST OCCURANCE THE VEHICLE STRUCK ANOTHER VEHICLE, NO INJURIES REPORTED, ON THE SECOND OCCURANCE THE BRAKES DID NOT ENGAGE UNTIL THE CONSUMER TOOK HIS FOOT OFF THE BRAKE COMPLETELY AND REAPPLIED, NO ACCIDENT OCUED THIS TIME.  *MJ",LETR,,,,,V
29,Honda (American Honda Motor Co.),HONDA,PASSPORT,1998,N,20040801,N,0,0,ENGINE AND ENGINE COOLING:ENGINE,IL,20040824,,"EXCESSIVE VALVE TRAIN NOISE AT 84000 MILES, WAS TOLD THIS IS A COMMON PROBLEM WITH THESE VEHICLES HOWEVER NO RECALL OR HELP INFO EXISTS AT HONDA MOTOR, SIMILAR PROBLEMS REPORTED WITH ISUZU RODEO ENGINES (SAME MODEL), I AM UNSURE OF EXTENT OF DAMAGE OR ENGINE RELIABLITY.  *AK",IVOQ,4WD,,AUTO,,V
30,Toyota Motor Corporation,TOYOTA,PRIUS,2009,N,20131104,N,0,0,ELECTRICAL SYSTEM:PROPULSION SYSTEM:TRACTION BATTERY,WA,20131104,,"2009 TOYOTA PRIUS.  CONSUMER WRITES IN REGARDS TO HYBRID ELECTRIC WATER PUMP RECALL NOTICE. *SMD  THE CONSUMER STATED TWO WEEKS AFTER THE HYBRID WATER PUMP WAS FIXED, A RED TRIANGLE LAMP APPEARED ON THE DASHBOARD AND THE VEHICLE BEGAN TO OVERHEAT.  THE CONSUMER WENT BACK TO THE DEALER AND WAS CHARGED 4202/16 FOR THE DIAGNOSIS AND INFORMED HIM THE CATALYTIC CONVERTER NEEDED TO BE REPLACED. THE CONSUMER WENT TO HIS PERSONAL MECHANIC, WHERE THE HYBRID ELECTRIC PUMP WAS REPLACED AND THE CODES WERE CLEARED.",LETR,FWD,HE,,,V
31,Toyota Motor Corporation,TOYOTA,TUNDRA,2004,N,20190624,N,0,0,STRUCTURE:BODY,WV,20190624,174300,"FRAME HAS RUST HOLES, PER TOYOTA MECHANICS, MY FRAME CONTINUE TO RUST OUT CANNOT PULL A TRAILER WITH BAD FRAME. TOYOTA WILL NOT HONOR THEIR WORK. I AM A LOYAL TOYOTA CUSTOMER AND HAS A LOT OF WORK DONE BY TOYOTA DEALER. I NEED MY FRAME REPAIRED TO CONTINUE USING MY TRUCK.",IVOQ,,,,,V
32,Honda (American Honda Motor Co.),HONDA,RIDGELINE,2017,N,20200216,N,0,0,ELECTRICAL SYSTEM,OK,20200224,93500,"TL* THE CONTACT OWNS A 2017 HONDA RIDGELINE. THE CONTACT STATED THAT AFTER PARKING THE VEHICLE SEVERAL UNKNOWN WARNING LIGHTS FLASHED CONTINUALLY ON THE INSTRUMENT PANEL. THE CONTACT HEARD WHAT SOUNDED LIKE SPARKING OR AN ELECTRICAL SHORT BEHIND THE CONSOLE. THE CONTACT RECORDED THE ISSUE WHILE IN PROGRESS. FOWLER HONDA PARTS 955 N INTERSTATE DR, NORMAN, OK 73069, (405) 389-3774, WAS CONTACTED AND INFORMED OF THE FAILURE. THE VEHICLE WAS NOT REPAIRED. THE MANUFACTURER WAS CONTACTED AND INFORMED OF THE FAILURE. THE APPROXIMATE FAILURE MILEAGE WAS 93,500.",EVOQ,,,,,V
33,"General Motors, LLC",CHEVROLET,MALIBU,2007,N,20141115,N,0,0,STEERING,WI,20150403,117264,DRIVING DOWN HWY GOING ABOUT 70MIL PRE HOUR AND MY POWER STEERING WENT OUT AND I LOST TOTAL CONTROL OF MY CAR. WAS ABLE TO PULL OVER WITHOUT HURTING MYSELF OR ANYONE ELSE. CHECK RECALL AND FOUND OUT MY CAR WASN'T A RECALL BUT ALL OTHER MALIBU WAS THIS IS A BIG PROBLEM AND REALLY NEED TO BE ADDRESS ON 2007 MALIBU BEFORE SOMEONE GET KILLED AND I PRAY ITS NOT ME. THANKS   *TR,IVOQ,FWD,,,70,V
34,"Mitsubishi Motors North America, Inc.",MITSUBISHI,OUTLANDER,2007,N,20160819,N,0,0,VISIBILITY/WIPER,NY,20170103,,"TL* THE CONTACT OWNS A 2007 MITSUBISHI OUTLANDER. THE CONTACT RECEIVED NOTIFICATION OF NHTSA CAMPAIGN NUMBERS: 16V791000 AND 16V458000 (VISIBILITY/WIPER, SUSPENSION); HOWEVER, THE PARTS TO DO THE REPAIR WERE UNAVAILABLE. THE CONTACT STATED THAT THE MANUFACTURER EXCEEDED A REASONABLE AMOUNT OF TIME FOR THE RECALL REPAIR. THE MANUFACTURER WAS MADE AWARE OF THE ISSUE. THE CONTACT HAD NOT EXPERIENCED A FAILURE. VIN TOOL CONFIRMS PARTS NOT AVAILABLE.",EVOQ,,,,,V
35,"Kia America, Inc.",KIA,FORTE,2011,N,20190319,N,0,0,AIR BAGS,OH,20190321,129720,"TOOK VEHICLE TO DEALER TO CORRECT RECALL ISSUE (18V363).  COMPLETED THE WORK AND SAID IT WAS FIXED.  MY AIRBAG LIGHT REMAINS ""ON"".  INTERIM NOTICE ON RECALL MENTIONED IF AIRBAG WARNING LIGHT COMES ON AND REMAINS ILLUMINATED TO TAKE TO DEALER.  I BELIEVE, BECAUSE OF THIS, THAT THE TWO ARE RELATED AND THE REPAIR SHOULD LEAD TO THE AIRBAG LIGHT GOING OUT.  I WAS TOLD IT WOULD BE $200 TO CORRECT IT WITH A NEW SEATBELT BUCKLE ASSEMBLY.  IS THE AIRBAG LIGHT REMAINING ILLUMINATED RELATED TO SAFETY RECALL 18V363?",IVOQ,,,,,V
36,"Subaru of America, Inc.",SUBARU,FORESTER,2015,N,20160318,N,0,0,UNKNOWN OR OTHER,MI,20160330,27409,"CAR SHUTS OFF WHILE DRIVING ON THE EXPRESSWAY, APPROX 70MPH. ALL OF THE LIGHTS ON THE DASH TURN ON AS CAR DIES. THESE INCIDENTS HAVE HAPPENED MULTIPLE TIMES, AND THE DEALER CANNOT LOCATE THE ISSUE TO RESOLVE THE MATTER. THE DEFECT IS UNKNOWN AT THIS TIME.  THE DATE INDICATED IS THE MOST RECENT OCCURRENCE.",IVOQ,,,,70,V
37,"General Motors, LLC",CHEVROLET,HHR,2006,Y,20110625,N,1,0,STEERING,OH,20140811,,"ON MY WAY TO WORK I SLOWED DOWN TO CHANGE LANES TO MAKE A RIGHT HAND TURN TO A PARKING LOT.  ALL OF A SUDDEN THERE WAS A MAJOR JOLT AND MY FOOT WAS KNOCKED OFF THE GAS PEDAL. THE LAST THING I REMEMBER WAS LOOKING DOWN AT MY RIGHT FOOT AND SEEING IT UNDER THE BRAKE PEDAL AND THINKING I NEED TO MOVE MY FOOT.  I REMEMBER THE EMERGENCY ROOM FOR A MOMENT WHEN I ASKED THEM NOT TO CUT MY CLOTHES.  MY NEXT MEMORY IS FOR A MOMENT IN ICU AND THEN I WOKE UP IN A HOSPITAL ROOM A WEEK LATER.  ACCORDING TO THE POLICE REPORT, THE CAR CROSSED THE TWO WESTBOUND LANES AND HIT A SIGN AND FENCE, JUMPED THE CURB, AND THEN HIT SHRUBBERY AND SEVERAL HEADSTONES AT A MEMORIAL SALES BUSINESS. POLICE ESTIMATED MY SPEED AT 50 MPH?  I THINK THE AIRBAG DEPLOYED WHILE I WAS DRIVING.  POSSIBLY THE IGNITION SHUT DOWN CAUSING THE JOLT AND DEPLOYMENT.  THE CAR WAS TOTALED AND I WAS DISABLED IN THIS ACCIDENT.  I AM UNABLE TO RETURN TO WORK.  ACCORDING TO GM I AM NOT ELIGIBLE FOR A SETTLEMENT BECAUSE MY AIRBAG DEPLOYED.  WHAT DIFFERENCE DOES THAT MAKE IF THE IGNITION CAUSED THE ACCIDENT?   *TR",IVOQ,,,,50,V
38,Ford Motor Company,FORD,EXPLORER,2002,N,20011001,N,0,0,VEHICLE SPEED CONTROL,MN,20020719,,"VEHICLE EXPERIENCES PERIODS OF STALLING AT LOW SPEEDS. APPLYING BRAKES THERE IS A LOSS OF BRAKES AND STEERING. NO PRIOR WARNING BEFORE STALLING. EXISTING PROBLEM 5 TIMES, TAKEN INTO THE DELAER. *AK  DEALER REPLACED FUEL PUMP, MAIN CONTROL VALVE BODY, TRANSMISSION OIL PAN, IDLE AIR CONTROL VALVE AND PROGRAMMED PCM.  VIBRATION LIKE ANTI-LOCK BRAKE SYSTEM IS KICKING IN.  DEALER COULD NOT DUPLICATE.  OVERDRIVE COMES IN AND OUT AT ODD SPEEDS.  NO PROBLEM FOUND.",EVOQ,4WD,GS,AUTO,,V
39,"General Motors, LLC",CHEVROLET,MALIBU,2016,N,20230215,N,0,0,ENGINE,MO,20230309,,Reduce engine power on dash I have received this message twice. Car goes to 60mph and it drops down dramatically to 20 mph this could case a big accident and gm needs to fix this problem immediately. This is a car I do not recommend it's been nothing but problems.,IVOQ,,,,65,V
40,Honda (American Honda Motor Co.),HONDA,PILOT,2006,N,20150803,N,0,0,SERVICE BRAKES,CT,20150804,200000,"WHEN DRIVING MY HONDA PILOT (2006) THE CHECK ENGINE LIGHT WILL COM ONE WITH INDICATING A PROBLEM WITH THE VSA.  WHAT HAPPENS NEXT IS THE CAR SLOWS DOWN SIGNIFICANTLY AND COMES TO A COMPLETE STOP.  WHICH MEANS YOU CAN BE ON THE HIGHWAY AND THE CAR SLOWS DOWN.  I CHECK TO SEE IF THERE WAS A RECALL ON THIS ISSUE, AND THERE IS ONE FOR THE 2005 MODEL, NOT THE 2006.  HOWEVER, IT IS THE SAME PROBLEM, WHICH MEANS THE PROBLEM WAS NOT FIXED IN THE NEXT MODEL YEAR.  I REACHED OUT TO HONDA CORPORATE AND THEY INDICATED THAT THEY HAD NO RECALL FOR THIS ISSUE FOR THE 2006 MODEL AND COULD NOT HELP ME.  I TOLD THEM IT WAS THE SAME ISSUE AS THE 2005 AND APPARENTLY THE PROBLEM WAS NOT FIXED IN THE NEXT  STILL NO HELP.  PLEASE NOTE THE FOLLOWING CONCERNING THE 2005 MODEL.   TSA ACTION NUMBER: EA13002 MODEL YEAR 2005. SAME PROBLEM.   ON MARCH 14, 2013, AMERICAN HONDA MOTOR CO., INC. (HONDA) SUBMITTED A DEFECT INFORMATION REPORT TO NHTSA IDENTIFYING A DEFECT IN THE VEHICLE STABILITY ASSIST (VSA) SYSTEM IN APPROXIMATELY 183,576 MODEL YEAR (MY) 2005 HONDA PILOT, ACURA RL AND MY 2005-2006 ACURA MDX VEHICLES (NHTSA RECALL NO 13V-092). THE POPULATION AND FAILURE COUNTS PROVIDED PERTAIN ONLY TO THE MY 2005 HONDA PILOTS THAT WERE THE SUBJECT OF THIS INVESTIGATION. HONDA'S RECALL ADDRESSES TWO CONDITIONS IN THE VSA SYSTEM THAT COULD RESULT IN INAPPROPRIATE BRAKE ACTIVATION.",IVOQ,,,,30,V
41,"General Motors, LLC",CHEVROLET,COBALT,2007,N,20070813,N,0,0,TIRES,MD,20070813,,"OWN A 2007 CHEVY COBALT, AND AFTER 9,000 MILES OF HIGHWAY DRIVING THE CAR WHEELS DENTED IN CAUSING THE VEHICLE TO SHUDDER LOUDLY. BROUGHT IT INTO THE CHEVY REPAIR SHOP AND THEY SAID I HAD HIT SOMETHING. UNFOUNDED CLAIM WHEREAS I HAD HIT NOTHING.  *TR",IVOQ,,,,,V
42,Ford Motor Company,FORD,BRONCO SPORT,2024,N,20250312,Y,0,0,POWER TRAIN,IL,20250605,18000,"The contact owns a 2024 Ford Bronco. The contact stated while driving at an undisclosed speed, the contact noticed a burning odor in the interior of the vehicle. The contact stated an error message indicated service 4WD was displayed. In addition, the contact stated that when the vehicle was parked in the garage, the contact noticed a burning odor on the exterior of the vehicle. The vehicle was taken to the dealer, however the failure was not duplicated. The dealer performed an oil change.  The contact stated that seven days later, the failure occurred. The contact stated while driving at an undisclosed speed, the contact noticed fire coming from underneath the hood. The contact and her daughter were occupants of the vehicle. The contact stopped and parked the vehicle. The contact and her daughter exited the vehicle. No injuries were sustained. The vehicle was towed to the dealer, which was the dealer that performed the diagnostic test and the oil change the week prior to the failure. The contact received documentation which provided several unknown parts related to the power train and electrical wiring that were replaced. The contact stated that no official failure diagnostics were provided. The vehicle manufacturer was not made aware of the failure. The failure mileage was approximately 18,000.",EVOQ,,,,,V
43,"General Motors, LLC",CHEVROLET,SILVERADO 1500,2014,N,20181104,N,0,0,SERVICE BRAKES,NC,20181125,80000,DURING LOW SPEED BRAKING POWER ASSIST IS LOST AND BRAKING IS DIFFICULT. VEHICLE TAKES LONGER TO STOP.,IVOQ,,,,5,V
44,Toyota Motor Corporation,TOYOTA,TACOMA,2009,N,20100306,N,0,0,POWER TRAIN:DRIVELINE,CA,20100312,9975,"2009 TOYOTA TACOMA GAS PEDAL STUCK ON FREEWAY ON OUR 16 YEAR OLD SON. WE HAD TAUGHT HIM FROM SEEING TOYOTA ON THE NEWS TO PUT IT IN NEUTRAL AND GET TO THE SIDE OF THE ROAD, WHICH HE DID SUCCESSFULLY. THE TRUCK WAS TOWED TO THOUSAND OAKS TOYOTA, THEY STATED NOTHING WAS WRONG AND ASKED FOR MY SON TO ""DRIVE IT WITH A TECHNICIAN AND TRY TO REPLICATE THE PROBLEM"". WE SOLD IT BACK TO THEM, LOST $8500 DOLLARS, THE DEALER WAS UNHELPFUL AND OTHER IMHO RUDE AND TOYOTA CORPORATE 800 NUMBER DIDN'T ANSWER AFTER 5 ATTEMPTS AND 3 HOURS ON THE PHONE. WE ARE EXTREMELY UPSET ABOUT THIS. *TR",IVOQ,,,,65,V
45,"General Motors, LLC",CADILLAC,LYRIQ,2023,Y,20231228,N,1,0,SERVICE BRAKES,NV,20240211,,"Driving on connecter road between 2  freeways at 35-40  mph because of traffic. Suddenly the car veers to left on its own and hits concrete lane guiding wall damaging the left front of the car.  Next tried to brake and they didn't work.  Unable to steer the car it heads to the right and up on the rocks decorating of the road.  Car goes another 25 or more feet before stopping due to rocks slowing down the car.  The air-bags never deployed. Tried to contact SOS button but didn't work. Next contacted ONSTAR but they were no help and didn't show that an accident occurred and said call 911 which was done.  Ever since the purchase of this EV car have been having trouble with it.  The Emergency light (red car on dashboard) lit up and went to dealer who kept the car over a week. Green car worked for a while but occasionally turned red.  Went to dealer again.  Also, one day the steering wheel would not work until tried several time to restart the car.  Dealer managed to break the steering wheel and repaired it.  They also cracked the glass on the computer screen but denied they did it. Was planning to enact the Lemon Law on the car. Car now in repair shop. VELLOCITY COLLISION CENTER, 8765 LINDELL RD STE 100, LAS VEGAS, NV 89139  TEL 7028971320. Called GM Cadillac to inform them of information on accident.  They said they would report this to the engineers there and report back to me. That was right after the accident but they have never tried to contact me.",IVOQ,,,,40,V
46,"Chrysler (FCA US, LLC)",DODGE,RAM 3500,2006,N,20150720,N,0,0,AIR BAGS,CA,20150930,,RECEIVED LETTER MORE THAN ONE MONTH AGO SAYING TAKATA AIR BAG WAS AVAILABLE.  DEALER SAID IT WAS NOT.  FOLSOM LAKE DEALER HAS NOT CALLED BACK.,IVOQ,,,,,V
47,Hyundai Motor America,HYUNDAI,SONATA,2012,N,20140828,N,0,0,ENGINE,MD,20140902,26400,AN ENGINE ROD BLEW A HOLE IN THE ENGINE BLOCK.  THIS WAS DONE AT A SPEED OF AROUND 48 MPH.  THIS IS BASED ON THE DEALERSHIP TECHNICIAN INSPECTION.  LUCKILY I WAS NOT NEXT TO ANOTHER CAR WHEN THIS OCCURRED OR IT VERY LIKELY WOULD HAVE CAUSED AN ACCIDENT.  *TR,IVOQ,FWD,,,48,V
48,GM DAEWOO AUTO & TECHNOLOGY COMPANY,DAEWOO,NUBIRA,2000,N,20041001,N,0,0,ENGINE AND ENGINE COOLING,CT,20041001,,CONSUMER RECEIVED RECALL NOTICE 0V4357000 CONCERNING CAM SHAFT POSITION SENSOR.  DEALER WAS NOT IN OPERATION.*AK,EVOQ,,,,,V
49,Hyundai Motor America,HYUNDAI,SONATA,2012,N,20160712,N,0,0,FUEL/PROPULSION SYSTEM,TX,20180723,62000,THE ELECTRONIC FUEL GAUGE DOES NOT GO BELOW TWO BARS. I WAS IN MOTION ON A HIGHWAY STREET AND THE CAR STALLED. I DID NOT KNOW WHAT WAS WRONG. THE TOW TRUCK DRIVER PUT ONE GALLON OF GAS AND THE CAR STARTED UP AGAIN. I NOW FILL UP MY CAR WAY BEFORE IT GETS DOWN TO TWO BARS ON THE GAS GAUGE.,IVOQ,,,,55,V
50,"Chrysler (FCA US, LLC)",CHRYSLER,PACIFICA,2006,N,20160601,N,0,0,STRUCTURE:BODY,MN,20170514,135000,"THE ENGINE CRADLE IS RUSTED OUT MAKING THIS CAR EXTREMELY UNSAFE TO DRIVE. THIS CAR HAS BEEN MAINTAINED THROUGHOUT ITS LIFE AND IS IN EXCELLENT SHAPE OTHERWISE. HOWEVER, THE COST TO REPLACE THE CRADLE HAS BEEN QUOTED AT $2500.00.",IVOQ,,,,,V
51,"Chrysler (FCA US, LLC)",DODGE,RAM 2500,1996,N,20030826,N,0,0,VISIBILITY,CA,20031022,92300,"THE VACUUM SYSTEM WAS REPLACED TWICE DUE TO OIL CONTAMINATION.  CONSUMER WAS TOLD ABOUT A RECALL ON THE CHECK VALVE.  PER MANUFACTURER.  THIS VEHICLE WAS NOT AFFECTED.  HOWEVER THE CHECK VALVE WAS MISSING ON THIS VEHICLE.   *AK   RECALL#  97V068000.  THIS CAUSED THE HEATER/A/C CONTROLS TO FAIL AND THE VACUUM HOSE LEADING TO THE MASTER CYLINDER BOOSTER SYSTEM.  (FULL OF OIL AND NOT FUNCTIONING)  THE HOSE WHICH LEAD TO THE BRAKE BOOSTER WAS SOFT.  THE CONSUMER HAD WORK DONE TO THE BRAKE WIRING SYSTEM BUT IMMEDIATELY AFTER THE BRAKE LIGHT HAD COME ON AS THE CONSUMER WAS LEAVING THE SERVICE DEALER.  THE DEALER DIDN'T ADDRESS THE VACUUM OIL PROBLEM, BUT WANTED TO FIX THE UNRELATED PROBLEMS.  THE AIR VENT WOULD NOT CLOSE WHILE THE VEHICLE WAS IN MOTION.     *SCC     *JB",EVOQ,,DS,AUTO,,V
52,"Yamaha Motor Corporation, USA",YAMAHA,XTZ12B/BC,2012,N,20130702,N,0,0,EXTERIOR LIGHTING,FL,20131027,10800,"LOSS OF HEADLAMP LIGHT DUE TO FAULTY/INFERIOR WIRING/CONNECTORS GOING TO THE MAIN BULBS IN THE HEADLAMP ASSEMBLY. THE HEADLAMP HARNESS WAS GRAY IN COLOR FROM OVERHEATING AND THE CONNECTORS TO THE BULBS HAD MELTED. WIRING HARNESS WAS REPLACED UNDER WARRANTY WITH THE SAME PART # AS THE ORIGINAL WIRING HARNESS. THIS REPRESENTS A SAFETY HAZARD DAY OR NIGHT AS MOTORCYCLE HEADLAMPS ARE A SIGNIFICANT FACTOR IN DAYTIME VISIBILITY OF THE MOTORCYCLE, AND THE HAZARDS OF LOSING HEADLIGHT ILLUMINATION DURING NIGHTTIME RIDING ARE OBVIOUS AND MANY.  *TR",IVOQ,,,,60,V
53,Ford Motor Company,FORD,ESCAPE,2022,N,20240310,N,0,0,POWER TRAIN,OK,20240320,23000,"The contact owns a 2022 Ford Escape. The contact stated that while driving approximately 50 MPH, the vehicle started losing power. The contact stated that a notification from the Ford mobile app indicated that there was a power train malfunction, reduction in power, Four-wheel Drive fault, and advised to contact an authorized dealer. There was no warning light illuminated. The contact veered to the side of the road and turned off the vehicle. The contact was able to restart the vehicle and drive to the residence. The vehicle was not diagnosed or repaired by a dealer or an independent mechanic. The manufacturer was notified of the failure. The failure mileage was approximately 23,000.",EVOQ,,,,50,V
54,"General Motors, LLC",CHEVROLET,CAVALIER,1997,N,20010129,N,1,1,TIRES,AR,20010313,,"THE VEHICLE HIT A WATER POCKET, THE FRONT REAR TIRE BLEW OUT THE CONSUMER HIT BRAKES AND THE CAR SLID TO THE THIRD LANE AND HIT PAVED WALL. (CONTINENTAL GENERAL P195/70R14).  NLM",VOQ,FWD,GS,AUTO,30,V
55,"Nissan North America, Inc.",INFINITI,M37,2012,N,20160805,N,0,0,STEERING,TN,20160810,72541,"TL* THE CONTACT OWNS A 2012 INFINITI M37. WHILE DRIVING AT ANY SPEED, WHEN THE STEERING WHEEL WAS TILTED DOWNWARD, IT WAS UNABLE TO BE TURNED LEFT OR RIGHT. THE VEHICLE WAS NOT REPAIRED. THE MANUFACTURER WAS NOT NOTIFIED. THE VIN WAS UNKNOWN. THE APPROXIMATE FAILURE MILEAGE WAS 72,541.",EVOQ,,,,,V
56,"Volkswagen Group of America, Inc.",VOLKSWAGEN,ID.4,2023,N,20240721,N,0,0,LANE DEPARTURE: WARNING,NJ,20240723,,"On 7/21/23 around 10 am the screens went blank, had no speed or info displayed , after 2 days  the screens came back on 7/23/24",IVOQ,,,,,V
57,"Mercedes-Benz USA, LLC",MERCEDES BENZ,C230,2006,N,20110913,N,0,0,ENGINE AND ENGINE COOLING,TX,20111012,33800,"I WAS DRIVING MY VEHICLE ON THE HIGHWAY DURING MORNING RUSH HOUR WHEN I NOTICED THAT THE CAR WOULD NOT ACCELERATE OVER 35 MPH.  I MOVED THE CAR OFF THE HIGHWAY AND STOPPED AT A RED LIGHT.  ONCE I STOPPED THE CAR IT  WOULD NOT ACCELERATE AT ALL WHEN I STEPPED ON THE GAS.  I HAD TO PUT THE CAR IN PARK AND THEN MOVE IT BACK TO DRIVE TO GET THE CAR TO MOVE.  THE CAR WOULD JUMP AND LURCH FORWARD WHEN I SHIFTED GEARS.  I DROVE THE CAR DIRECTLY TO THE DEALER. THE MERCEDES DEALER TOLD ME THAT THERE WAS A PROBLEM WITH THE SOFTWARE AND THAT THE SOFTWARE WOULD NEED TO BE UPDATED.  I WENT TO PICK UP MY CAR AFTER THE ""SOFTWARE "" WAS UPDATED ($1,700 COST) AND DROVE THE CAR ABOUT 10 MILES WHEN I NOTICED THAT THE CHECK ENGINE LIGHT HAD COME ON.  I TOOK THE CAR BACK TO THE MERCEDES DEALER TO LET THEM KNOW THE CHECK ENGINE LIGHT WAS NOW ON.  THE MERCEDES DEALER TOLD ME I HAVE A DEFECTIVE BALANCE SHAFT THAT NEEDS TO BE REPAIRED. THE MERCEDES DEALER ASK ME IF I HAD KEPT UP THE OIL CHANGES ON THE CAR.  I TOLD THE THEM THAT I HAD.  THE MERCEDES DEALER TOLD ME THAT I HAVE TO PAY $2,500 JUST FOR THEM TO TAKE THE ENGINE APART AND THAT THE TOTAL REPAIR WILL COST AROUND $6,000.  I JUST PURCHASED THE CAR IN JULY 2010 ( 14 MONTHS OWNERSHIP) WITH ABOUT 19,500 MILES ON IT.  *KB",IVOQ,,,,35,V
58,Honda (American Honda Motor Co.),HONDA,ACCORD,2000,Y,20050808,N,3,0,CHILD SEAT:HARNESS/CROTCH BUCKLE,TX,20060729,,"OUR HONDA ACCORD 2000 SE WAS IN A HEAD ON COLLISION WITH A PICKUP TRUCK.  THE CAR WAS TOTALED, BUT I WOULD LIKE TO MAKE YOU AWARE HOW OUR SON WAS INJURED. OUR SON WAS IN A CENTURY 44164ELM CAR SEAT SITTING BEHIND THE DRIVER (MY WIFE).   THE METAL BUCKLE THAT IS USED TO ADJUST THE SEAT BELT SIZE (IN THE BACK) SHEARED FROM THE PLASTIC DUE TO THE FORCE OF THE IMPACT. AS A RESULT THE UPPER PART OF OUR SON'S BODY BECAME A PROJECTILE AND THE SEAT BELT DID NOT KEEP HIM IN THE CAR SEAT.  OUR SON'S HEAD LURCHED FORWARD HITTING THE SEAT REST IN FRONT HIM.  DUE TO THE IMPACT HE SUFFERED A SKULL FRACTURE, AND FORTUNATELY EVERYTHING IS FINE NOW.  I HAVE THE CAR SEAT SAVED IF CENTURY WANTS TO SEE IT.  IN MY OPINION IT SHOULD BE RECALLED SINCE THIS IS UNSAFE. IT IS NOT ON CENTURY'S RECALL LIST IT SEEMS.   *JB",IVOQ,,,,,V
59,"Chrysler (FCA US, LLC)",DODGE,JOURNEY,2017,N,20251014,N,0,0,UNKNOWN OR OTHER,OH,20251015,,"Rear backup camera recently went black while still displaying check your surroundings message, and immediately returned to normal after a few seconds. Approximately one week later the image flipped 180 degrees to a upside down position in which I lost perception of where I was while backing up. Thankfully the warning beeper was working and I stopped before backing into a car in a busy street. Have not seen a dealership yet. I have looked up my vin and found no recall for this specific issue, but I did discover that newer models 2018 to 2020 did have a recall for the exact issue that I am having.",IVOQ,,,,,V
60,"General Motors, LLC",CHEVROLET,IMPALA,2000,N,20151225,Y,0,0,ENGINE,UT,20151229,220000,"TL* THE CONTACT OWNED A 2000 CHEVROLET IMPALA. WHILE THE VEHICLE WAS PARKED, IT CAUGHT FIRE. THE FIRE DEPARTMENT WAS NOTIFIED AND WAS ABLE TO EXTINGUISH THE FIRE. A POLICE REPORT WAS FILED. THERE WERE NO INJURIES. THE VEHICLE WAS DESTROYED AND TOWED TO AN INDEPENDENT SALVAGE FACILITY. THE VEHICLE WAS INCLUDED IN NHTSA CAMPAIGN NUMBER: 15V701000 (ENGINE AND ENGINE COOLING). THE MANUFACTURER WAS NOT NOTIFIED OF THE FAILURE. THE APPROXIMATE FAILURE MILEAGE WAS 220,000.",EVOQ,,,,,V
61,"Chrysler (FCA US, LLC)",JEEP,GRAND CHEROKEE,2013,N,20170119,N,0,0,FUEL/PROPULSION SYSTEM,LA,20200129,67500,"MY 2013 GRAND CHEROKEE HAS HAD THE STALLING ISSUE SINCE I BOUGHT IT IN DEC. 2016. IN 2017 AFTER REPLACING TIPM & FUEL-PUMP AT OUR EXPENSE, VEHICLE CONTINUED TO STALL & NEITHER JEEP NOR THE DEALERSHIP WOULD DO ANYTHING OTHER THAN CHANGE THE PART. WE FILED WITH NCDS, & THE ARBITRATOR DID NOT PURSUE THE CASE & CHRYSLER RESPONDED THAT THE VEHICLE WAS 'OPERATING AS INTENDED'. I HAVE ELECTRONIC COPIES OF THOSE DOCUMENTS.     SINCE THE OFFICIAL RECALL WAS ISSUED, MY CAR HAS BEEN IN THE SHOP 3-4 TIMES & CONTINUES TO SHUT OFF MULTIPLE TIMES DAILY OR EVERY OTHER DAY. IT FAILED & WOULD NOT START DEC. 2019 SO I TOOK IT IN & GOT IT BACK A WEEK LATER. THEY CLAIMED MY BATTERY WAS DEAD & WOULD NOT HOLD CHARGE. HOWEVER, THE DAY BEFORE IT WOULDN'T START, I'D DRIVEN IT BACK FROM DALLAS TO LAFAYETTE, LA W NO STALL. I'D ALSO DRIVEN IT AROUND THE MORNING IT STOPPED WORKING SO I AM NOT UNDERSTANDING THAT, BUT PAID FOR THE REPAIRS & A COUPLE WEEKS LATER, IT FAILED AGAIN.     IT'S MY UNDERSTANDING THE FUEL PUMP HAS BEEN REPLACED TWICE SINCE MY VISIT IN DECEMBER. I TOOK IT IN ON JAN. 20TH FOR THE STALLING & GOT IT BACK ON THE 21ST IN THE AFTERNOON. LESS THAN 24 HRS LATER, IT STALLED AGAIN. I CALLED THE DEALERSHIP ALL LAST WEEK TO REPORT THE DAILY STALLS & WENT BACK IN THIS PAST MONDAY, THE 27TH, AFTER THEY DID NOT RETURN MY CALLS TO SCHEDULE AN APPOINTMENT. IT STALLED THERE IN THE DEALERSHIP PARKING LOT, & THEY GOT A TECH TO RUN THE CODES & IT CAME BACK AS THE RECALL PART. THEN THEY RAN SPECIFIC DIAGNOSTICS PER FCA'S REQUEST & SAID THEY COULDN'T DUPLICATE IT. SINCE MONDAY, IT HAS STALLED TWICE SO FAR TODAY, ON WEDNESDAY. THE CAR HAS STALLED WHILE IDLING WITH MY FOOT ON THE BRAKE, WHILE DRIVING IT, AND UPON START IT WILL IMMEDIATELY DIE AFTER CRANKING UP. THE ISSUE IS INTERMITTENT & POSES A HUGE SAFETY RISK FOR MYSELF & OTHERS WHEN IT STALLS IN-OPERATION.",IVOQ,,,,20,V
62,Hyundai Motor America,HYUNDAI,TUCSON,2017,N,20230430,N,0,0,ENGINE,TX,20230502,,"Vehicle was parked for 2 weeks while I was out of town. I started the car and when I drove down the street, there was no acceleration or power. I turned around and went right back home. I checked the oil, and it was empty. There was no oil under the car. Having the vehicle towed to the Dealer 05/02/23. I am concerned about all of the complaints of exactly the same problem with the engine and want to document my situation.",IVOQ,,,,30,V
63,"Chrysler (FCA US, LLC)",CHRYSLER,300,2006,N,20141006,N,0,0,ENGINE,NY,20141105,93000,"WHILE PICKING UP MY CHILDREN FROM SCHOOL THE CAR FAILED TO START, WHEN I TURNED THE KEY IT MADE A HORRIBLE CLANKING SOUND (FROM THE ENGINE), AT THAT POINT I HAD NO CHOICE BUT TO LEAVE THE CAR THERE AND WALK HOME FROM SCHOOL WITH THE KIDS. I HAD JUST DRIVEN THE CAR 6 MILES FROM WORK, AND THE CAR GAVE NO PRIOR WARNING SIGNS OF THIS IMMINENT FAILURE. THE FOLLOWING MORNING I HAD THE CAR TOWED TO MY LOCAL MECHANIC, HE LATER INFORMED ME THAT THE VALVE SEAT CAME OUT OF PLACE (WALKED) AND THE CAR WILL NEED A NEW ENGINE BLOCK AND/OR EXTENSIVE WORK TO REPAIR THE PROBLEM. HE QUOTED THE JOB TO BE AT $7000, HE ALSO EXPLAINED TO ME THAT THIS IS A COMMON PROBLEM PARTICULARLY WITH THE 2006-2008 CHRYSLER/DODGE HEMI MODELS, WHICH SHOULD'VE BEEN ADDRESSED BY THE MANUFACTURE DUE TO THE FREQUENCY IN WHICH THIS PROBLEM WAS OCCURRING. I HAVE ALWAYS KEPT UP WITH ALL SCHEDULED MAINTENANCE AND ROUTINE OIL CHANGES IN MY CAR, SO I WAS TOTALLY SURPRISE WHEN THIS HAPPENED AT 90,000 MILES. CURRENTLY I DON'T HAVE THE FINANCIAL MEANS TO HAVE THE CAR REPAIRED ON MY OWN, AND I'M ASKING IS THERE ANY WAY THAT I CAN BE COMPENSATED THROUGH THE MANUFACTURER FOR THIS PROBLEM?                                                                  [XXX]    INFORMATION REDACTED PURSUANT TO THE FREEDOM OF INFORMATION ACT (FOIA), 5 U.S.C. 552(B)(6).    *TR",IVOQ,RWD,,,15,V
64,Bridgestone Americas Tire Operations,FIRESTONE,WILDERNESS AT,9999,N,20000903,N,0,0,TIRES,ME,20001114,,"I TOOK THE VEHICLE TO A FIRESTONE STORE FOR INSPECTION.  THEY FOUND THAT THERE WERE BUBBLES AND THE TREAD WAS PEELING AS WAS COMMON WITH THE RECALLED 15"" TIRES.  IT SHOWED INDICATIONS THAT THE TREAD WAS COMING OFF.  WE WERE ADVISED TO REPLACE THE TIRES AS THEY WERE UNSAFE.  WE HAVE REPLACED THE TIRES BEFORE A FULL SEPARATION AND ACCIDENT OCCURRED.   WE HAVE RETAINED THE TIRES FOR INSPECTION AND WOULD LIKE TO BE REIMBURSED FOR THESE DEFECTIVE TIRES AS THERE WAS APPROXIMATELY 75% TREAD LEFT ON THE TIRES. (DOT NUMBER: W270  TIRESIZE: P245/75R16)",IVOQ,,,,,T
65,Ford Motor Company,FORD,ESCAPE,2009,N,20130603,N,0,0,VEHICLE SPEED CONTROL,OH,20130629,64638,"ELECTRONIC THROTTLE BODY FAILURE - 2009 FORD ESCAPE [XXX]    FIRST TIME:  DRIVING 35 MPH AND ALL OF A SUDDEN NOTHING...NO POWER, NO ACCELERATION.  LUCKILY I WAS NOT REAR ENDED WHEN THE VEHICLE LOST POWER.  I HAD TO COAST INTO A PARKING LOT, SHUT OFF THE TRUCK FOR 5 MINUTES, RESTART AND DROVE HOME WHICH WAS LESS THAN 1 MILE AWAY.  NEXT DAY RAN OKAY, NEXT DAY NO POWER, NO ACCELERATION.    TOOK TO DEALER ON JUNE 7, 2013 AND THEY DID A DIAGNOSTIC TEST AND GAS FUEL INDUCTION FLUSH BECAUSE THE ELECTRONIC THROTTLE BODY PART WAS UNAVAILABLE FOR REPLACEMENT.    SECOND/THIRD TIME:  LEAVING FOR VACATION.  GOT ABOUT 5 MILES FROM HOME AND NOTHING, NO POWER, NO ACCELERATION.  COASTED INTO A PARKING LOT AND THE CAR LURCHED...LUCKILY I HAD MY FOOT ON THE BRAKE.    TOOK VEHICLE TO DEALER AND THE TRUCK IS STILL THERE BECAUSE THEY DO NOT HAVE THE PART TO FIX IT.  IT HAS BEEN PARKED AT THE DEALERSHIP WAITING FOR THE ELECTRONIC THROTTLE BODY PART TO FIX THE ISSUE FOR OVER A WEEK.  SO FAR I HAVE SPEND $278.37 FOR A DIAGNOSTIC TEST AND GAS FUEL INDUCTION FLUSH AND STILL HAVE AN UNSAFE VEHICLE DUE TO AN ELECTRONIC THROTTLE BODY FAILURE.  FORD YOU NEED TO FIX THIS AND REIMBURSE OUR EXPENSES RELATED TO THIS DANGEROUS SAFETY ISSUE.    INFORMATION REDACTED PURSUANT TO THE FREEDOM OF INFORMATION ACT (FOIA), 5 U.S.C. 552(B)(6).  *TR",IVOQ,,GS,,35,V
66,"General Motors, LLC",CHEVROLET,COBALT,2005,N,20140702,N,0,0,STEERING,OH,20150921,,"TL* THE CONTACT OWNS A 2005 CHEVROLET COBALT. WHILE DRIVING APPROXIMATELY 35 MPH, THE STEERING WHEEL BECAME EXTREMELY DIFFICULT TO TURN. THE VEHICLE WAS RESTARTED, BUT THE FAILURE PERSISTED. THE VIN WAS NOT INCLUDED IN NHTSA CAMPAIGN NUMBER: 10V073000 (STEERING). THE VEHICLE WAS NOT DIAGNOSED OR REPAIRED. THE MANUFACTURER WAS NOT NOTIFIED OF THE FAILURE. THE FAILURE MILEAGE WAS UNAVAILABLE.   UPDATED 11/20/15*LJ  UPDATED 11/25/15.*JB",EVOQ,FWD,GS,,35,V
67,"Tesla, Inc.",TESLA,MODEL Y,2021,N,20220716,N,0,0,SERVICE BRAKES,IN,20220718,,"On July 16, 2022 I was traveling west on I-40, east of Tucumcari, NM.  I was using Traffic Adaptive Cruise Control (TACC).  There were no cars within a mile of me, front or back.  The weather was clear, the road was flat.  The car suddenly braked without warning.  The objects stored in the back of the car flew forward, striking the two front seats.  The wheels did not lock up.  I immediately stabbed the accelerator.  I saw the power line bar graph indicator go fully to the right.  I contacted Tesla to request a service appointment.  Tesla initially set an appointment but then cancelled it, explaining there was nothing wrong with the car.  I was reminded that TACC (along with virtually all other Tesla driving aids) is ""beta"" and may therefore not function as intended or expected.  It was the responsibility of the driver to assume the risks implied.  Prior to this event, I had already decided not to use any technology more advanced than the speed control (TACC) as they behaved poorly.  I thought that adaptive cruise control (Tesla: TACC) was a such a common technology that it wouldn't exhibit phantom braking.  I was wrong.",IVOQ,,,,83,V
68,"Volkswagen Group of America, Inc.",VOLKSWAGEN,NEW BEETLE,1998,N,,N,0,0,SEATS,CA,20010823,,"THE BOLTS AT THE BOTTOM FRONT OF THE DRIVER'S SEAT CAME LOOSE, ALLOWING THE SEAT TO ""WIGGLE"" IN ITS TRACKS.  SUBSEQUENTLY, THE BOLTS WORKED THEMSELVES FREE AND ALLOWED THE DRIVER'S SEAT TO MOVE BACK AND FORTH IN ITS TRACKS, THUS PREVENTING THE SETTING OF A SAFE, STATIONARY POSITION.  ALSO, BECAUSE THE FRONT BOLTS THAT HOLD THE SEAT TO THE VEHICLE CHASSIS HAVE FAILED, VEHICLE MOVEMENTS ALLOW THE FRONT EDGE OF THE DRIVER'S SEAT TO TIP UP AND DOWN IN AN ARCHING DIRECTION.  THIS MEANS THAT UNLESS THE DRIVER IS HOLDING ON TO THE STEERING WHEEL FIRMLY, THE SEAT TENDS TO TIP BACK WHEN THE VEHICLE ACCELERATES FROM A STOP OR A STEADY SPEED.  THE SEAT ALSO TENDS TO TIP UP AND DOWN WHEN THE VEHICLE REBOUNDS AS IT COMPLETES A STOP.  ON THE FIRST OCCASION THAT THE SEAT ANCHORING SYSTEM FAILED (JANUARY 2000), THE SEAT MOVED ALL THE WAY TO THE BACK OF ITS TRACK, BREAKING THROUGH THE BACK END OF THE LEFT PLASTIC RAIL COVER AND ALLOWING THE THE LEFT SIDE SEAT ROLLER TO JUT OUT IN THE OPEN. THIS TYPE OF PROBLEM WAS ALSO REPORTED TWICE TO NHTSA IN 1999 ACCORDING TO PHIL EDMONSTON AUTHOR OF LEMON-AID CAR GUIDE 2001.  THIS APPEARS TO BE A MANUFACTUER DEFECT, AS IT OCCURS UNDER NORMAL VEHICLE OPERATING CONDITIONS.*AK",IVOQ,FWD,GS,,,V
69,"General Motors, LLC",CHEVROLET,SUBURBAN,2002,N,20031129,N,0,0,"SERVICE BRAKES, HYDRAULIC:FOUNDATION COMPONENTS:DISC:ROTOR",CA,20050302,38000,"THE RIGHT FRONT TIRE KEEPS LOSING AIR PRESSURE.  VEHICLE HAS BEEN TO THE DEALER ON THREE SEPARATE OCCASIONS. DEALER REPLACED THE RIGHT FRONT TIRE TWICE, AND REPLACED THE AIR PRESSURE THREE TIMES. BUT, PROBLEM RECURRED.  *AK   THE RIGHT WHEEL FRAME SQUEAKES WHEN TURNING AT 10 MPH.  ROTORS AND PADS AND SHOES AND WHEEL BEARINGS  CRACKED.  *TC",EVOQ,4WD,GS,AUTO,,V
70,"Chrysler (FCA US, LLC)",DODGE,RAM 1500,1997,N,20120701,N,0,0,STRUCTURE,SC,20120911,131000,MY DASH IS LITERALLY FALLING APART. I BOUGHT IT IN FEBRUARY WITH 0 CRACKS AND NOW IT LOOKS LIKE A PIECE OF PEANUT BRITTLE. I SEARCHED AND APPARENTLY THIS IS A HUGE PROBLEM. I JUST WANT IT FIXED.  *TR,IVOQ,4WD,GS,,0,V
71,Ford Motor Company,FORD,AEROSTAR,1988,N,19971001,N,0,0,EQUIPMENT:MECHANICAL:CARRIER/RACK,OH,19980109,,"WHILE PARKED THE CABLE THAT HOLDS THE SPARE TIRE UNDER THE VEHICLE RUSTED, CAUSING THE TIRE TO DROP FROM UNDER THE VEHICLE.  *AK",EVOQ,RWD,,AUTO,,V
72,"Chrysler (FCA US, LLC)",DODGE,CALIBER,2008,N,20150405,N,0,0,STRUCTURE:BODY,NY,20150515,95000,"TL* THE CONTACT OWNS A 2008 DODGE CALIBER. WHILE HAVING MAINTENANCE PERFORMED AT THE DEALER, THE TECHNICIAN DIAGNOSED THAT THE ENGINE CRADLE WAS CORRODED AND NEEDED TO BE REPLACED. THE VEHICLE WAS NOT REPAIRED. THE MANUFACTURER WAS NOTIFIED OF THE FAILURE. THE APPROXIMATE FAILURE MILEAGE WAS 95,000.",EVOQ,,,,,V
73,"Chrysler (FCA US, LLC)",CHRYSLER,TOWN AND COUNTRY,2008,N,20100701,N,0,0,VEHICLE SPEED CONTROL,IL,20110921,35000,"TL* THE CONTACT OWNS A 2008 CHRYSLER TOWN AND COUNTRY. THE CONTACT WAS DRIVING APPROXIMATELY 50 MPH WHEN THE ACCELERATOR PEDAL ABNORMALLY DROPPED TO THE FLOORBOARD. THE CONTACT APPLIED THE BRAKES AND COASTED TO THE SHOULDER. THE FAILURE RECURRED INTERMITTENTLY WHILE DRIVING AT VARIOUS SPEEDS. THE VEHICLE WAS NOT TAKEN TO THE DEALER FOR DIAGNOSTICS OR REPAIRS. THE APPROXIMATE FAILURE MILEAGE WAS 35,000. THE VIN WAS NOT AVAILABLE.",EVOQ,,,,50,V
74,"Nissan North America, Inc.",NISSAN,ROGUE,2023,N,20250808,N,0,0,ENGINE AND ENGINE COOLING,LA,20250912,42000,"The contact owns a 2023 Nissan Rogue. The contact stated that after stopping at a traffic light and then making a turn, the vehicle failed to properly accelerate as intended. There were no warning lights illuminated, and the vehicle never stalled. The contact waited for a while, and the vehicle operated as intended while depressing the accelerator pedal. The contact manually turned off the “Engine- START/STOP” feature. The contact had taken the vehicle to a local dealer, who was unable to determine the cause of the failure. The dealer was unable to retrieve a fault code. The vehicle was not repaired. The contact was aware of NHTSA Campaign Number: 25V437000 (Engine and Engine Cooling); however, the remedy was not yet available. The manufacturer was not informed of the failure. The failure mileage was approximately 42,000.",EVOQ,,,,0,V
75,Honda (American Honda Motor Co.),HONDA,ACCORD,1998,N,19991027,N,0,0,POWER TRAIN:AUTOMATIC TRANSMISSION:PARK/NEUTRAL START INTERLOCK SWITCH,NY,20120918,2450,"PLEASE BE ADVISED THAT THIS HAS HAPPENED ON MULTIPLE DATES RANGING FROM 1999-2012. I THOUGHT IT WAS COVERED THROUGH NHTSA CAMPAIGN ID #: 98V018000 BUT I DID NOT USE THE CAR ENOUGH TO RECOGNIZE A PATTERN UNTIL 2002. I THINK AT THAT TIME, THERE MAY HAVE BEEN SEVERAL THOUSAND MILES IN 2002 WHEN I BEGAN TO USE THE CAR ON MORE ROUTINE BASES. THERE ARE TWO OCCASIONS THAT CAUSE THE ISSUE TO ARISE. WHILE I AM DRIVING, THE STEERING COLUMN WILL LOCK UP CAUSING AN ISSUE TO SHIFT FROM GEAR TO GEAR AND THE MOBILITY OF THE CAR. AS THE STEERING COLUMN WOULD LOCK AND CAUSE THE HORN TO MALFUNCTION AND NOT MAKE A SOUND AND THE LIMIT MY MOBILITY TO PARK THE CAR. MOST STREETS THAT I DRIVE ARE NOT ON AN INCLINE BUT THERE HAVE BEEN FEW OCCASIONS, WHERE IF THE CAR WAS ON A SLIGHT INCLINE, IT WOULD BEGIN TO ROLL. I WOULD USE THE GEAR BRAKES TO PREVENT AN ACCIDENT.  ANOTHER ISSUE INVOLVES ANOTHER PATH (OCCASION) WHICH CAUSES THE STEERING WHEEL TO LOCK WHICH CAUSES MALFUNCTIONS IN THE HORN AND THE INTERLOCKING INCIDENT. IF I AM DRIVING AND IN THE STAGES OF PARKING MY CAR, THE STEERING COLUMN WILL LOCK AFFECTING THE ABILITY FOR ME TO CHANGE GEAR AND MY ABILITY TO ADEQUATELY MOBILITY WHEN PARK. THIS HAS OCCURRED MORE FREQUENTLY NOW BUT IT HAS OCCURRED IN 1999. WHEN I WAS ADVISED OF THE INTERLOCK RECALL, I THOUGHT THIS WAS ADDRESSED. ONCE THIS OCCURS, THE CAR CAN ONLY BE UNLOCKED WHEN I DRIVE WHEN I PRESS DOWN OF THE HEAR CHARGER, PUT THE KEY IN THE SLIGHT COVERING THE GEAR CHANGER AND MOVE THE STEERING WHEEL. BETWEEN NHTSA CAMPAIGN ID #: 03V423000 AND NHTSA CAMPAIGN ID #: 02V120000, I THOUGHT THESE ISSUE WAS ADDRESSED. WHEN I CALLED HONDA TODAY AND SPOKE TO [XXX] 800-999-1099 EXT [XXX], THE RECALL IS ASSOCIATED WITH THE VIN SOI WANTED TO MAKE SURE THIS WAS ACKNOWLEDGED FOR INCIDENTS FOR MY CAR MODEL & VIN.        INFORMATION REDACTED PURSUANT TO THE FREEDOM OF INFORMATION ACT (FOIA), 5 U.S.C. 552(B)(6).  *TR",IVOQ,,,,55,V
76,Ford Motor Company,FORD,FUSION HYBRID,2014,N,20150826,N,0,0,SEAT BELTS,VA,20150826,35678,"I HAVE AN 2014 FORD FUSION HYBRID.  AFTER READING ALL OF THE COMPLAINTS FROM OTHER DRIVERS, I WANT TO BE PRO ACTIVE AND FIND OUT WHAT PART, EXACTLY IS ON BACK ORDER FOR SO MANY YEARS.  AS AN ASE CERTIFIED (RE-CERTIFIED) TECHNICION, A.A..S DEGREE AUTO MECHANICS AND A.A.S. DEGREE IN DIAGNOSTICS (1989).  NOW, HOW DO I PROTECT MY WIFE WHILE IN THE PASSENGER SEAT?     2013 FORD FUSION. THE NHTSA CAMPAIGN NUMBER: 14V597000 (AIR BAGS, SEAT BELTS); JUN 16, 2015   PLEASE ADVISE ME, AND SINCE ALL I NEED IS THE PART...GO GET ONE OFF THE ASSEMBLY LINE.    I JUST LOVE MY FUSION HYBRID AND I REFUSE TO GIVE IT UP. I PURCHASED IT AT THE DEALERSHIP FOR AN ON LINE CUSTOM BUILT TO MY SPECIFICATIONS AND THE THING IS LOADED.  I DON'T WANT TO SAY, I DON'T CARE WHO DIES IN MY FUSION, AS LONG ITS NOT ME.  SO, YOU DON'T NEED TO ENSURE I WON'T DIE JUST MAKE SURE I CAN PURCHASE THIS PART FROM THE DEALER OR PART STORE.    MANY THANKS, BARRIE, GYSGT, U.S.M.C., DALE CITY, VIRGINIA",IVOQ,,,,0,V
77,Ford Motor Company,FORD,EXPEDITION,2003,N,20170629,N,0,0,UNKNOWN OR OTHER,TX,20170630,200000,MY MOMS 2003 FORD EXPIATION HAD IS SPRAK PLUG BLOW OUT I HAVE LOOKED ALL OVER THE INTERNET AND THINK IS SHOULD HAVE A RECALL BECAUSE IT IS A VERY COMMON PROBLEM,IVOQ,,,,45,V
78,Ford Motor Company,FORD,MUSTANG,2011,N,20170111,N,0,0,POWER TRAIN,LA,20170113,59930,"FORD RECALLED 202,000 VEHICLES AND HAS A TSB FOR THE BULKHEAD CONNECTION LEAKAGE IN TRANSMISSION, HOWEVER MY YEAR 2011 WAS NOT, HOWEVER I JUST PAID OVER 600 FOR THE REPAIR AND COULD'VE BEEN KILLED HAD ALL THE FLUID LEAKED OUT.  I THINK FORD NEEDS TO TAKE RESPONSIBILITY FOR ALL VEHICLES, NOT JUST CHERRY PICK PARTICULAR YEAR MODEL.  MINE IS ONLY ONE YEAR OFF AND IT SHOULD BE PART OF THE RECALL OR PERHAPS ANOTHER INFAMOUS ""CUSTOMER SATISFACTION PROGRAM"" SUCH AS THEY DID WITH THE THROTTLE CONTROL BODY ISSUES.  DANGEROUS!  CAR DOWNSHIFTED WHILE I WAS DOING 70 ON I-12",IVOQ,,,,70,V
79,"General Motors, LLC",PONTIAC,GRAND PRIX,2001,N,20081221,Y,0,0,ENGINE AND ENGINE COOLING,PA,20081221,140000,"MY WIFE DROVE OUR 2001 PONT. GRAND PRIX GT APPROX. 12 MILES FROM OUR HOME TO A PET STORE. PARKED THE VEHICLE AND PROCEEDED INTO THE STORE AFTER APPROX. 5 MINS. LATER SOMEONE SAID THERE WAS A SILVER CAR ON FIRE IN THE PARKING LOT. WELL UNFORTUNATELY IT WAS OURS. A BYSTANDER OPENED THE HOOD AND DUMPED SNOW ON IT AND ANOTHER RETRIEVED A FIRE EXT. AND WERE ABLE TO PUT THE FIRE OUT. FIRE ORIGINATED IN THE ENGINE COMPARTMENT. 911 WAS CALLED AND FIRE DEPT., POLICE AND FIRE MARSHALL WERE ON SCENE. CAR HAS BEEN WELL MAINTAINED WITH REGULAR SERVICE. I SEE NO REASON AS TO HOW THIS COULD HAVE HAPPENED. THANKFULLY IT DIDN'T HAPPEN WHEN MY WIFE WAS DRIVING ALONG THE HIGHWAY. LOOKING FORWARD TO A RESPONSE AS TO WHAT I SEE THIS SEEMS TO BE AN ALMOST COMMON OCCURRENCE. *TR",IVOQ,,,,0,V
80,Mazda Motor Corp.,MAZDA,626,1992,Y,19960821,N,1,0,AIR BAGS:FRONTAL,TN,19960917,,"WHILE DRIVING APPLIED THE BRAKES WITH FORCE,  CAUSING THE AIR BAG TO DEPLOY,  CAUSING FACIAL BURNS/NECK PAIN.  *AK",EVOQ,4WD,GS,AUTO,,V
81,"General Motors, LLC",GMC,YUKON,2004,N,20111029,N,0,0,"SERVICE BRAKES, HYDRAULIC",PA,20111128,64200,"THE SUBJECT VEHICLE HAD RECENTLY BEEN PARKED AFTER TOWING A 29 FOOT LONG TRAVEL TRAILER.  IT HAD SAT FOR APPROXIMATELY TWO WEEKS SINCE WE LAST USED IT.  DURING THE 2011 30 OCTOBER SNOW STORM IN PA, I WENT TO PICK IT UP TO USE IT.  I STARTED DOWN THE DRIVEWAY AND WENT TO APPLY THE BRAKES AND THE BRAKE PEDAL TRAVELED TO THE FLOOR.  ALL OF THE ANTILOCK AND BRAKE WARNING LIGHTS APPEARED ON THE DASH.  I WAS ABLE TO STOP THE VEHICLE AND BACK IT BACK THE DRIVEWAY AND PARK IT.  WE LATER CALLED AAA AND HAD IT TOWED TO A LOCAL CHEVY DEALER.  THEY DIAGNOSED THE PROBLEM AND LET US KNOW THAT THEY HAD FOUND A BRAKE LINE THAT BURST DUE TO CORROSION.  THIS BRAKE LINE IS ALMOST DIRECTLY UNDER THE POWER BRAKE BOOSTER ASSEMBLY AND IS SOMEWHAT HIDDEN FROM VIEW.  IT LIES ATOP THE FRAME IN THIS AREA AND ACCORDING TO THE DEALER HAD CORRODED.  ACCORDING TO THE DEALER THEY HAD TO FABRICATE A REPLACEMENT BRAKE LINE AND WERE ABLE TO REPLACE IT.  THEY FURTHER INDICATED THEY LOOKED AT THE OTHER BRAKE LINES AND DID NOT SEE ANY FURTHER INDICATION OF CORROSION.  I HAVE DRIVEN THE GMC FOR ABOUT TEN MILES SINCE THE REPAIR AND THE BRAKES APPEAR TO BE BACK TO NORMAL.     LET ME ADD THIS, I HAVE OWNED 15 DIFFERENT VEHICLES IN MY LIFE AND NOT ONE HAS HAD TO HAVE A STEEL BRAKE LINE REPLACED. THIS IS THE FIRST.  JUST LIKE THE OTHER GM OWNERS, WHEN THESE LINES FAIL THE BRAKING ABILITY TO STOP THIS TWO TON VEHICLE IS ALMOST NON-EXISTENT I AM VERY THANKFUL THIS LINE DID NOT FAIL WHILE TOWING THE 29 FOOT TRAVEL TRAILER.   *KB",IVOQ,4WD,BF,,5,V
82,Mazda Motor Corp.,MAZDA,RX-8,2006,N,20150330,N,0,0,FUEL/PROPULSION SYSTEM,AR,20150330,93000,"I HAVE  HAD MY CATALYTIC  CONVERTER REPLACED, ALONG W MY ENGINE, LESS THAN 2 YEARS AGO. NOW MY CHECK ENGINE LIGHT HAS COME BACK ON AND THE INSIDE OF MY CAR SMELLS VERY GASSY AND EXHAUST SMELLING WHILE DRIVING AND I'M BEING TOLD THAT IT'S MY CONVERTER AGAIN AND THEY SAY IT SHOULD NOT BE HAVING ANY PROBLEMS IN THIS SHORT AMOUNT OF TIME. I CALLED THE DEALERSHIP WHICH INITIALLY FIXED THE PROBLEM AND THEY AREN'T HELPING AND BASICALLY SAYING IT'LL BE MY RESPONSIBILITY AGAIN!   *TR",IVOQ,,,,,V
83,"General Motors, LLC",CHEVROLET,IMPALA,2008,N,20111117,N,0,0,SUSPENSION,IL,20111117,,"NEW TIRES INSTALLED JANUARY 2011 WITH PROPER ROTATION EVERY 6000-7500 MILES. INSIDE TREAD OF REAR TIRES ARE PREMATURELY WEARING. I DRIVE MOSTLY HIGHWAY MILES TO AND FROM WORK, ABOUT 150 MILES A DAY ROUND TRIP. I HAVE TO HAVE NEW  TIRES INSTALLED AGAIN TODAY AS INSIDE TREAD IS WEARING AND BELTS ARE STARTING TO SHOW. I HAVE SEEN MANY CONSUMER REPORTS AND CLAIMS REGARDING THE REAR SPINDLES AS BEING BAD. I WAS NOT ABLE TO LOCATE ANY RECALLS ON THIS MATTER BUT KEPT LOCATING THE CLASS ACTION LAWSUIT FOR THE REAR SPINDLES OF THE IMPALA I CANNOT AFFORD TO HAVE TO PUT NEW TIRES ON THE CAR EVERY YEAR LET ALONE 2 OR MORE TIMES A YEAR. AFTER LOOKING INTO THE REPAIR COST OF REPLACING THE REAR SPINDLES IS PRETTY EXPENSIVE, ESPECIALLY FOR THE CONSUMER TO TAKE ON WHEN IT APPEARS GM SHOULD RECALL FOR THE CARS FOR THE FIX AS THEY DID FOR THE POLICE DEPARTMENTS.  *TR",IVOQ,,BF,,,V
84,MONACO COACH CORPORATION,MONACO COACH,DIPLOMAT,2000,N,20000306,N,0,0,LATCHES/LOCKS/LINKAGES:DOORS:LATCH,AZ,20010710,,"ON STEEP OR WINDING ROADS, BAGGAGE DOORS HAVE UNLATCHED AND SWUNG OUT INTO ONCOMING TRAFFIC ON THREE OCCASSIONS.*YH",LETR,,,,,V
85,"General Motors, LLC",CHEVROLET,EQUINOX,2005,N,20060324,N,0,0,ELECTRICAL SYSTEM,TX,20130724,13418,"I PURCHASED A 2005 CHEVROLET EQUINOX LT ON 7/20/2005  FROM GRAFF CHEVROLET IN GRAND PRAIRIE, TEXAS AND HAVE NEVER BEEN NOTIFIED OF RECALLS ! I SPENTS HOURS ON THE PHONE WITH GM'S CUSTOMER SERVICE TRYING TO GET ASSISTANCE TO NO AVAIL.. THE GMPP DIDN'T HELP ME, JUST MONEY I PAID FOR NOTHING! *TR",IVOQ,,GS,,,V
86,Toyota Motor Corporation,TOYOTA,COROLLA,1995,Y,20020721,N,0,0,AIR BAGS:FRONTAL,CA,20020812,,"WHILE TRAVELING ON HIGHWAY APPLIED  BRAKES AND RAN INTO ANOTHER VEHICLE.  UPON IMPACT,  DUAL AIRBAGS DIDN'T DEPLOY.  *AK",EVOQ,,,,,V
87,Honda (American Honda Motor Co.),HONDA,CIVIC,2022,N,20220204,N,0,0,STEERING,CA,20220216,,"My wife purchased a new 2022 Honda civic sport, it has lane control assist and at high speed it wonders, pulls side to side, follows lanes color change, pulls into a curve and pulls when going by big trucks into the truck. I have to hold the steering very tight and it has made my arms hurt from the straining.  I went to Honda 4 time before anyone admitted it has a serious problem. Hammer Honda in Reseda Ca, verified the problems.  The book clear states the lane change assist may or may not work, Honda denies anything is wrong. This is a safety issue and we have had 4 near crash events. I am a Certified Trained Alignment Technician and know cars well, I have 43 years of hands on experience, this car is unsafe and no one at Honda is disclosing this safety issue with this 2022 Honda Civic Sports. The expert at Honda on the 4th visit Witnessed and Verified the Lane Change Assists not working properly at 50 mph.",IVOQ,,,,65,V
88,"BMW of North America, LLC",BMW,528XI,2013,N,20190802,N,0,0,ELECTRICAL SYSTEM,TN,20190828,0,"MY PASSENGER SEAT BELT HAS A DETAIL LIGHT READING ""DRIVER RESTRAINT MALFUNCTION:  ALSO THE LOCK ON THE PASSENGER WILL NOT UNLOCK. THE DOOR WILL NOT OPEN.",IVOQ,,,,,V
89,Isuzu Motors Limited,ISUZU,RODEO,1999,N,20020810,N,0,0,"SERVICE BRAKES, HYDRAULIC:ANTILOCK/TRACTION CONTROL/ELECTRONIC LIMITED SLIP:CONTROL UNIT/MODULE",TN,20030317,40000,"IN AUGUST OF 2002 , I WAS DRIVING MY 1999 RODEO THAT I HAD LEASED NEW IN 2002 AND THIS RUNNING NOISE CONTINUED AFTER I TURNED OFF THE ENGINE. IT WAS THE ABS MODULE. IT HAD TO BE UNPLUGGED TO KEEP THE BATTERY FROM BEING RUN DOWN. THE REPAIR IS ABOUT $500.00 AND ISUZU WANTS TO IGNORE THAT THERE IS A PROBLEM WITH THIS COMPONENT. BEFORE THE NOISE STARTED,THE STOPPING DISTANCE WAS VERY LONG AND THERE WAS A POPPING FEELING IN THE BRAKE PEDAL. I TOOK IT IN TO THE DEALER AND WAS TOLD ""NOTHING WAS WRONG AND THAT WAS THE WAY ANTI-LOCK BRAKES FELT"" THE ABS LIGHT CAME ON.  ALL OF THIS STARTED WITH 40,000 MILES ON THE VEHICLE. THERE IS A PROBLEM WITH THE RODEO THAT NEEDS TO BE ADDRESSED AND RECALLED BY ISUZU WITHOUT THE COST OF LIFE OR MONEY TO THE CONSUMER.  *JB",IVOQ,RWD,GS,AUTO,,V
90,Toyota Motor Corporation,TOYOTA,COROLLA,2011,N,20110328,N,0,0,STRUCTURE:BODY,PA,20110905,100,WHEN CAR HITS BUMPS FRAME ON CAR MAKES A NOISE . ALSO YOU CAN SEE IT GIVE OR MOVE. CAR HAS A TOUGH RIDE TO IT FOR A LE MODEL. BOTTOM OF SEAT ON CAR IS TO SHORT. BRAKE PEDAL AND ACCELERATOR PEDAL IS TO FAR TO THE RIGHT IT NEEDS TO BE ALITTLE MORE TO LEFT ALSO THEIR TO CLOSE TOGETHER. MAKES SEAT BOTTOM TO THE RIGHT (NEEDS TO BE STRAIGHTER)TO MATCH PEDALS. I THINK DASHBOARD IS TO LOW. THE BODY NOISES HAPPEN MORE WITH ONE PERSON IN THE CAR. ALSO ON HOT DAYS AND VERY COLD DAYS DASH HAS A CRACK SOUND TO IT. THE CAR IS QUIETER ON RAINY DAYS LIKE A NORMAL CAR.  *TR,IVOQ,,,,40,V
91,UNKNOWN MANUFACTURER,UNKNOWN,UNKNOWN,9999,N,20051207,N,0,0,UNKNOWN OR OTHER,VA,20060710,,"DEAR  NHTSA:  ON 4-20-06 SEC. NORMAN  MINETA   STATED THAT WE CAN BE SAFER BY :  -WEARING SEAT BELTS  -WEARING  HELMETS WHEN ON MOTORCYCLES  -DRIVING SOBER ....(EXCERPTED FROM YOUR WEB-SITE).  PLEASE ADD TO THIS LIST (AND YOUR INVESTIGATIONS)  - BE SURE YOUR CAR HAS HAD OEM DESIGN QUALITY BRAKES INSTALLED     AT THE BRAKE REPAIR SHOP.  -DO NOT ALLOW YOUR MECHANIC TO USE  THE PARTS   ADVERTISED IN THE $30.00 PER AXLE BRAKE SPECIALS.  (SEE   CURRENT  FRANCHISE ADVERTISEMENTS).  -DEMAND  THAT THE SHOP INSTALL OEM QUALITY BRAKE LININGS.  -PUT THIS PROVISION IN WRITING IN THE SERVICE ORDER BEFORE YOU SIGN IT!  -BE SURE THE MECHANIC WRITES ON THE ORDER THE NAME OF THE  BRAND USED FOR YOUR BRAKE JOBS!  ALARMINGLY, MORE AND MORE CONSUMERS AND SHOPS ARE BUYING THESE INFERIOR QUALITY ADVANCE AUTO WEAR-EVER BRAKE PARTS TO SAVE A BUCK. THE PROBLEM IS THESE   WEAR-EVER PARTS ARE TERRIBLE QUALITY,CAUSE NOISE-PROBLEMS AND CAUSE LONGER STOPPING DISTANCES. THESE LONGER DISTANCES MEAN THE DIFFERENCE BETWEEN  SAFETY OR CRASHING  AND LAWSUITS.  A PAGE ON ADVANCE AUTO'S WEB-SITE (ADVANCEAUTO.COM) MENTIONS  THAT THERE ARE DIFFERENT PERFORMANCE QUALITIES FOR DIFFERENT QUALITY BRAKES  SOLD AT THE STORE. HOW ARE CONSUMERS SUPPOSED TO KNOW THIS??  IF YOUR MECHANIC INSTALLS INFERIOR, INCORRECT,UNSAFE  BRAKE PARTS ON YOUR VEHICLE THAT RESULTS IN YOUR CRASHING, THE MECHANIC AND THE SUPPLIER CAN BE LEGALLY LIABLE FOR THE CRASH.  PLEASE, NHTSA, CALL SOME OF THESE BRAKE SPECIAL SHOPS. YOU WILL FIND  THEY WILL READILY SLAP ON A SET OF CRUMMY BRAKE SHOES INSTEAD OF THE  OEM  EQUIVALENT  PARTS  REQUIRED FOR SAFE DRIVING.  PLEASE TAKE ACTION TO STOP THE SALE/USE OF THESE   ""ORGANIC"" ASBESTOS BRAKE PARTS.  ALL BRAKE LININGS SHOULD MEET AMECA TS16949 STANDARDS   TO KEEP OUR CITIZENS SAFE.  CC: ADVANCE AUTO  &   PARTS AMERICA &   GEORGE FOREMAN.  *JB",IVOQ,,,,,V
92,"Chrysler (FCA US, LLC)",DODGE,DURANGO,2002,N,20051001,N,0,0,ENGINE AND ENGINE COOLING,FL,20101026,21000,"TL*THE CONTACT OWNS A 2002 DODGE DURANGO. THE AIR BAG LIGHT AND THE CHECK ENGINE REMAINED ILLUMINATED. THE VEHICLE WAS TAKEN TO THE DEALER SEVERAL TIMES FOR THE AIR BAG FAILURE. THE DEALERS DIAGNOSIS  LOCATED THE FAILURE TO THE AIR BAG SENSOR ELECTRICAL WIRES. NO CODES WERE DISPLAYED REGARDING THE CHECK ENGINE LIGHT. THE VEHICLE WAS TAKEN TO A TIRE GARAGE, BECAUSE THE FRONT TIRES FELT UNSTABLE WHILE DRIVING. THE TIRE MECHANIC STATED THE FRONT HUB CAP CAUSED THE VEHICLE TO FEEL UNSTABLE WHILE DRIVING. THE VEHICLE WASN'T REPAIRED. THE MANUFACTURER WILL BE CONTACTED. THE FAILURE MILEAGE WAS 21,000 AND THE CURRENT MILEAGE WAS 73,000.",EVOQ,,,,20,V
93,"Chrysler (FCA US, LLC)",DODGE,GRAND CARAVAN,2016,N,20200301,N,0,0,ELECTRICAL SYSTEM,IA,20200723,60000,"2016 GRAND CARAVAN DRIVERS SIDE,  PASSENGER SLIDING DOOR WAS STUCK IN THE LOCKED POSITION AND WOULD NOT OPEN MANUALLY OR AUTOMATIC. THIS WAS REPAIRED WITH THE LOCK ACTUATOR BEING REPLACED. WITHIN 2 MONTHS THE DOOR WOULD NOT OPEN AUTOMATICALLY PUSHING THE INSIDE BUTTON OR KEY FOB. WE COULD OPEN MANUALLY, BUT WHEN CLOSING THE DOOR WON'T LATCH AND IT POPS BACK OPEN. THE DOOR HAS OPENED WHILE DRIVING.",IVOQ,,,,0,V
94,"General Motors, LLC",GMC,SIERRA 3500,2015,N,20180328,N,0,0,UNKNOWN OR OTHER,SC,20180328,,"FRONT TIRES ARE CONTINUALLY WEARING ON THE FRONT OUTSIDE EDGE.  WEARING UNTIL BALD IN FIRST 15000 MILES OF OWNERSHIP, MULTIPLE FRONT END ALIGNMENT CALIBRATION TESTS AND ACTUAL FRONT END CALIBRATION NOT RESOLVING ISSUE.  FRONT TIRES REPLACED AT APPROXIMATELY 23,000 MILES AND AGAIN WEARING ON OUTSIDE EDGE AT 40,000 MILES.  WORSE ON DRIVER SIDE.  CONTACTED DEALER SEVERAL TIMES FOR RESOLUTION AND CONTACTED GM TWICE TO OPEN TICKET.  LAST GM TICKET WAS 8-4030406653.  TIRES ARE MICHELIN AND ARE SUPPOSED TO LAST 65,000 MILES.  NEVER SEEN THIS TYPE OF WEAR ON ANY PAST GM VEHICLE OWNED.  REAR TIRES ARE IN EXCELLENT CONDITION.  UNABLE TO GET DEALER OR GM TO FIND CAUSE AND RESOLVE ONCE AND FOR ALL.  TIRED OF PAYING OUT OF POCKET ALIGNMENT COSTS.  THE FRONT TIRES ARE ON THE SECOND SET AND THE CURRENT VEHICLE MILEAGE IS 42K.  I HAVE ATTACHED IMAGES OF FRONT DRIVER SIDE TIRE WHICH HAS GREATEST WEAR AND IMAGE 20180328_113012.JPG IS THE ORIGINAL BACK TIRES WHICH HAVE NO WEAR.  FRONT ARE THE SECOND SET SINCE PURCHASING VEHICLE.  ORIGINAL SET WAS COMPLETELY BALD ON OUTSIDE EDGE BEFORE 19K MILES.",IVOQ,,,,,V
95,"Jaguar Cars, Ltd.",JAGUAR,XKR,2002,N,20080504,N,1,0,"FUEL SYSTEM, OTHER",MD,20080604,35000,"SOME THING SHOULD BE DONE  WHILE DRIVING MY 2003 JAGUAR XKR CONVERTIBLE ONE NIGHT AT HIGHWAY SPEED WITH THE TOP DOWN, THE HYDRAULIC FLUID FROM THE CONVERTIBLE TOP STARTED LEAKING FROM THE CENTER LOCK DOWN MECHANISM ON THE WINDSHIELD FRAME. AT FIRST I THOUGHT IT WAS SOMETHING FROM THE OUTSIDE. SO I WIPED MY FACE WITH MY HAND AND HEN FELT AN OILY SUBSTANCE ALL OVER. I STARTED TO PAID CLOSER ATTENTION TO THE WINDSHIELD AND DID NOT SEE ANYTHING ON THE GLASS. I SLOWED THE CAR IN AN ATTEMPT TO FIGURE OUT WHAT WAS HAPPENING. SINCE IT WAS AT NIGHT, IT WAS DIFFICULT TO ASCERTAIN WHERE THE OILY SUBSTANCE WAS COMING FROM. I PLANNED ON GETTING OFF AT THE NEXT EXIT. BUT BEFORE I COULD REACH THE NEXT EXIT MY EYES STARTED BURNING BECAUSE OF THE OVERSPRAY OF THE OILY SUBSTANCE. I QUICKLY PULLED ONTO THE SHOULDER WITH MY EYES STINGING AND BARELY OPEN. AS I SHIFTED THE CAR INTO PARK I FELT A DROP HIT THE BACK OF MY HAND THAT IS WHEN I NOTICED THE HYDRAULIC FLUID LEAKING FROM THE WINDSHIELD FRAME. THE COVER FOR THE LOCK MECHANISM/ LIGHT ASSEMBLY, AS WE WERE  DRIVING AT SPEED THE OIL TURNED INTO A FINE MIST AND WAS SPRAYING ALL OVER ME AND ALL OVER THE CAR .ONCE THE CAR WAS STOPPED IT POOLED ON THE COVER UNTIL IT DRIPPED ONTO THE CENTER CONSOLE. NEEDLESS TO SAY THIS COULD HAVE BEEN A SEVERE PROBLEM AS IT IS A FLAMMABLE AND TOXIC LIQUID THAT I WAS COVERED IN; VEHICLE WAS TAKEN TO A JAGUAR DEALERSHIP IN TIMONIUM MD. WHERE THEY DISCOVERED THE PLASTIC HYDRAULIC LINE HAD RUPTURED, I CONTACTED THE MANUFACTURER. AND AFTER MONTH THEY DIDN'T FEEL THERE WAS A PROBLEM AND I SHOULD PAID THE $1,500.00 FOR IT REPAIR AND THAT WASN'T ANY REPAIR TO INTERIOR  THAT I STILL NEED TO HAVE TAKEN CARE OF  .    I CANT IMAGE WHY THEY WOULD USE PLASTIC HYDRAULIC(A FLAMMABLE LIQUID ' THANK GOD I DON'T SMOKE ) LINES INSIDE THE CAR , BUT METAL HYDRAULIC LINES UNDER THE HOOD ???  *TR",IVOQ,,,,55,V
96,"General Motors, LLC",CHEVROLET,S10,1995,Y,19950713,N,2,0,AIR BAGS:FRONTAL,WA,19950724,,INVOLVED IN FRONTAL COLLISION AT 30MPH AND THE AIRBAG DID NOT DEPLOY. PLEASE DESCRIBE.  TT,EVOQ,,,,,V
97,"General Motors, LLC",CHEVROLET,COBALT,2010,N,20140602,N,0,0,AIR BAGS,MO,20140618,,2010 CHEVROLET COBALT.  CONSUMER WRITES IN REGARDS TO ISSUES WITH IGNITION SWITCH RECALL PARTS NO LONGER MANUFACTURED.  *SMD,LETR,FWD,DS,,,V
98,"General Motors, LLC",CHEVROLET,MALIBU,2007,N,20140728,N,0,0,ENGINE,PA,20140730,93000,WHILE DRIVING 50 MPH IN THE PASSING LANE MY 2007 MALIBU SHUT ITSELF OFF. THERE WAS SUBSTANTIAL TRAFFIC AND I HAD TO COAST ACROSS THE LANES TO THE SIDE OF THE ROAD WITH MY 7 YEAR OLD DAUGHTER IN THE CAR. I CALLED 1-800-CHEVUSA AND WAS TOLD THAT SINCE MY MANUFACTURER WARRANTY IS UP THERE ISN'T ANYTHING THAT COULD BE DONE. AFTER SPEAKING TO A SUPERVISOR MY CAR WAS TOWED TO THE LOCAL CHEVY DEALERSHIP WHERE IT IS STILL SITTING NOW. MY HUSBAND ALSO SPOKE TO SOMEONE AT CHEVY WHO TOLD HIM THAT SINCE THE WARRANTY IS UP AND THERE IS NO RECALLS WE WERE BASICALLY OUT OF LUCK. MY HUSBAND NICELY EXPLAINED TO THEM THAT THERE WERE NO RECALLS AT FIRST ON THE COBALT'S EITHER BUT UNFORTUNATELY IT TOOK SOMEONE BEING KILLED FOR THEM TO TAKE THE ISSUE SERIOUSLY. THEY STATE THAT THEY WILL SEND PAPERWORK TO HAVE MY CAR LOOKED AT BY THE CHEVY DEALER BUT WE ARE STILL WAITING. WE COULD HAVE BEEN KILLED FROM THIS AND I HOPE THAT THIS ISSUE GETS RESOLVED AND IF IT IS A RECALL ISSUE THEY DO IT FAST BEFORE IT HAPPENS TO SOMEONE ELSE.  *TR,IVOQ,,GS,,50,V
99,Honda (American Honda Motor Co.),HONDA,ACCORD,2019,N,20240701,N,0,0,FUEL/PROPULSION SYSTEM,MS,20250703,80468,"If you are having this problem where every warning indicator is illuminated, codes scanned but no clear solutions to the “Christmas Tree  dash board This is an ongoing issue with the 10th generation and there is no definitive “fix” recognized by Honda. Sometimes it is the battery, the alternator, the head gasket, the ECM, injectors….the list goes on and on. Sometimes the repair fixes the issue, but based on research, the issue typically comes back shortly after the service department throws another part at the problem.",IVOQ,,,,,V
100,"Chrysler (FCA US, LLC)",CHRYSLER,TOWN AND COUNTRY,2009,N,20180702,N,0,0,ELECTRICAL SYSTEM,PA,20190208,162000,"TL* THE CONTACT OWNS A 2009 CHRYSLER TOWN AND COUNTRY. THE CONTACT STATED THAT THE LOW BEAM HEADLIGHTS AND TURN SIGNALS STOPPED WORKING AND THE HORN CONTINUOUSLY SOUNDED. THE CONTACT HAD TO REMOVE THE FUSE IN ORDER TO STOP THE HORN FAILURE. THE MANUFACTURER ACKNOWLEDGED THE FAILURE WITH THE LIGHTS; HOWEVER, THEY COULD NOT ASSIST WITH THE REPAIR COST SINCE THERE WAS NO RECALL. THE DEALER (COURTESY MOTOR SALES INC, 3100 PLEASANT VALLEY BLVD, ALTOONA, PA 16602, (814) 942-9000)   OFFERED TO SCHEDULE AN APPOINTMENT WITH AN UPFRONT FEE FOR DIAGNOSTIC TESTING. THE VEHICLE WAS NOT DIAGNOSED OR REPAIRED. THE FAILURE MILEAGE WAS 162,000.",IVOQ,,,,,V
